branch,u,x,stable
0,-0.3,3.8963515573697816e-19,true
0,-0.2995473765389185,3.8963515573697816e-19,true
0,-0.29247630872705305,3.8963515573697816e-19,true
0,-0.2854052409151876,3.8963515573697816e-19,true
0,-0.27833417310332215,3.8963515573697816e-19,true
0,-0.2712631052914567,3.8963515573697816e-19,true
0,-0.26419203747959125,3.8963515573697816e-19,true
0,-0.2571209696677258,3.8963515573697816e-19,true
0,-0.25004990185586035,3.8963515573697816e-19,true
0,-0.24297883404399487,3.8963515573697816e-19,true
0,-0.2359077662321294,3.8963515573697816e-19,true
0,-0.2288366984202639,3.8963515573697816e-19,true
0,-0.22176563060839843,3.8963515573697816e-19,true
0,-0.21469456279653296,3.8963515573697816e-19,true
0,-0.20932497067689762,3.8963515573697816e-19,true
0,-0.20574524259714072,3.8963515573697816e-19,true
0,-0.20335875721063612,3.8963515573697816e-19,true
0,-0.2017677669529664,3.8963515573697816e-19,true
0,-0.20070710678118656,3.8963515573697816e-19,true
0,-0.2,3.8963515573697816e-19,true
0,-0.2,3.8963515573697816e-19,true
0,-0.19929289321881347,3.8963515573697816e-19,true
0,-0.19823223304703363,3.8963515573697816e-19,true
0,-0.1966412427893639,3.8963515573697816e-19,true
0,-0.1942547574028593,3.8963515573697816e-19,true
0,-0.1906750293231024,3.8963515573697816e-19,true
0,-0.18530543720346707,3.8963515573697816e-19,true
0,-0.1782343693916016,3.8963515573697816e-19,true
0,-0.1711633015797361,3.8963515573697816e-19,true
0,-0.16409223376787063,3.8963515573697816e-19,true
0,-0.15702116595600515,3.8963515573697816e-19,true
0,-0.14995009814413968,3.8963515573697816e-19,true
0,-0.1428790303322742,3.8963515573697816e-19,true
0,-0.13580796252040872,3.8963515573697816e-19,true
0,-0.12873689470854324,3.8963515573697816e-19,true
0,-0.12166582689667776,3.8963515573697816e-19,true
0,-0.11459475908481229,3.8963515573697816e-19,true
0,-0.10752369127294681,3.8963515573697816e-19,true
0,-0.10045262346108133,3.8963515573697816e-19,true
0,-0.09338155564921585,3.8963515573697816e-19,true
0,-0.08631048783735037,3.8963515573697816e-19,true
0,-0.0792394200254849,3.8963515573697816e-19,true
0,-0.07216835221361942,3.8963515573697816e-19,true
0,-0.06509728440175394,3.8963515573697816e-19,true
0,-0.05802621658988846,3.8963515573697816e-19,true
0,-0.050955148778022985,3.8963515573697816e-19,true
0,-0.04388408096615751,3.8963515573697816e-19,true
0,-0.03681301315429203,3.8963515573697816e-19,true
0,-0.029741945342426555,3.8963515573697816e-19,true
0,-0.02267087753056108,3.8963515573697816e-19,true
0,-0.015599809718695604,3.8963515573697816e-19,true
0,-0.008528741906830128,3.8963515573697816e-19,true
0,-0.0014576740949646515,3.8963515573697816e-19,true
0,0.005613393716900825,3.8963515573697816e-19,true
0,0.012684461528766301,3.8963515573697816e-19,true
0,0.019755529340631777,3.8963515573697816e-19,true
0,0.02682659715249725,3.8963515573697816e-19,true
0,0.03389766496436273,3.8963515573697816e-19,true
0,0.0409687327762282,3.8963515573697816e-19,true
0,0.04803980058809368,3.8963515573697816e-19,true
0,0.055110868399959156,3.8963515573697816e-19,true
0,0.062181936211824634,3.8963515573697816e-19,true
0,0.06925300402369011,3.8963515573697816e-19,true
0,0.07632407183555559,3.8963515573697816e-19,true
0,0.08339513964742107,3.8963515573697816e-19,true
0,0.09046620745928655,3.8963515573697816e-19,true
0,0.09753727527115202,3.8963515573697816e-19,true
0,0.1046083430830175,3.8963515573697816e-19,true
0,0.11167941089488298,3.8963515573697816e-19,true
0,0.11875047870674846,3.8963515573697816e-19,true
0,0.12582154651861394,3.8963515573697816e-19,true
0,0.1328926143304794,3.8963515573697816e-19,true
0,0.1399636821423449,3.8963515573697816e-19,true
0,0.14703474995421037,3.8963515573697816e-19,true
0,0.15410581776607585,3.8963515573697816e-19,true
0,0.16117688557794133,3.8963515573697816e-19,true
0,0.1682479533898068,3.8963515573697816e-19,true
0,0.17531902120167228,3.8963515573697816e-19,true
0,0.18239008901353776,3.8963515573697816e-19,true
0,0.18946115682540324,3.8963515573697816e-19,true
0,0.19653222463726872,3.8963515573697816e-19,true
0,0.2036032924491342,3.8963515573697816e-19,true
0,0.21067436026099967,3.8963515573697816e-19,true
0,0.21774542807286515,3.8963515573697816e-19,true
0,0.22481649588473063,3.8963515573697816e-19,true
0,0.2318875636965961,3.8963515573697816e-19,true
0,0.23895863150846158,3.8963515573697816e-19,true
0,0.24602969932032706,3.8963515573697816e-19,true
0,0.25310076713219254,3.8963515573697816e-19,true
0,0.260171834944058,3.8963515573697816e-19,true
0,0.26724290275592344,3.8963515573697816e-19,true
0,0.2743139705677889,3.8963515573697816e-19,true
0,0.28138503837965434,3.8963515573697816e-19,true
0,0.2884561061915198,3.8963515573697816e-19,true
0,0.29552717400338524,3.8963515573697816e-19,true
0,0.3025982418152507,3.8963515573697816e-19,true
0,0.30966930962711614,3.8963515573697816e-19,true
0,0.3167403774389816,3.8963515573697816e-19,true
0,0.32381144525084704,3.8963515573697816e-19,true
0,0.3308825130627125,3.8963515573697816e-19,true
0,0.33795358087457794,3.8963515573697816e-19,true
0,0.3450246486864434,3.8963515573697816e-19,true
0,0.35209571649830884,3.8963515573697816e-19,true
0,0.3591667843101743,3.8963515573697816e-19,true
0,0.36623785212203974,3.8963515573697816e-19,true
0,0.3733089199339052,3.8963515573697816e-19,true
0,0.38037998774577064,3.8963515573697816e-19,true
0,0.3874510555576361,3.8963515573697816e-19,true
0,0.39452212336950154,3.8963515573697816e-19,true
0,0.401593191181367,3.8963515573697816e-19,true
0,0.40866425899323244,3.8963515573697816e-19,true
0,0.4157353268050979,3.8963515573697816e-19,true
0,0.42280639461696334,3.8963515573697816e-19,true
0,0.4298774624288288,3.8963515573697816e-19,true
0,0.43694853024069424,3.8963515573697816e-19,true
0,0.4440195980525597,3.8963515573697816e-19,true
0,0.45109066586442514,3.8963515573697816e-19,true
0,0.4581617336762906,3.8963515573697816e-19,true
0,0.46523280148815604,3.8963515573697816e-19,true
0,0.4723038693000215,3.8963515573697816e-19,true
0,0.47937493711188695,3.8963515573697816e-19,true
0,0.4864460049237524,3.8963515573697816e-19,true
0,0.49351707273561785,3.8963515573697816e-19,true
0,0.5005881405474834,3.8963515573697816e-19,true
0,0.5076592083593489,3.8963515573697816e-19,true
0,0.5147302761712144,3.8963515573697816e-19,true
0,0.5218013439830799,3.8963515573697816e-19,true
0,0.5288724117949454,3.8963515573697816e-19,true
0,0.5359434796068109,3.8963515573697816e-19,true
0,0.5430145474186764,3.8963515573697816e-19,true
0,0.5500856152305419,3.8963515573697816e-19,true
0,0.5571566830424074,3.8963515573697816e-19,true
0,0.5642277508542729,3.8963515573697816e-19,true
0,0.5712988186661384,3.8963515573697816e-19,true
0,0.5783698864780039,3.8963515573697816e-19,true
0,0.5854409542898694,3.8963515573697816e-19,true
0,0.5925120221017349,3.8963515573697816e-19,true
0,0.5995830899136004,3.8963515573697816e-19,true
0,0.6066541577254659,3.8963515573697816e-19,true
0,0.6137252255373314,3.8963515573697816e-19,true
0,0.620796293349197,3.8963515573697816e-19,true
0,0.6278673611610625,3.8963515573697816e-19,true
0,0.634938428972928,3.8963515573697816e-19,true
0,0.6420094967847935,3.8963515573697816e-19,true
0,0.649080564596659,3.8963515573697816e-19,true
0,0.6561516324085245,3.8963515573697816e-19,true
0,0.66322270022039,3.8963515573697816e-19,true
0,0.6702937680322555,3.8963515573697816e-19,true
0,0.677364835844121,3.8963515573697816e-19,true
0,0.6844359036559865,3.8963515573697816e-19,true
0,0.691506971467852,3.8963515573697816e-19,true
0,0.6985780392797175,3.8963515573697816e-19,true
0,0.705649107091583,3.8963515573697816e-19,true
0,0.7127201749034485,3.8963515573697816e-19,true
0,0.719791242715314,3.8963515573697816e-19,true
0,0.7268623105271795,3.8963515573697816e-19,true
0,0.733933378339045,3.8963515573697816e-19,true
0,0.7410044461509105,3.8963515573697816e-19,true
0,0.748075513962776,3.8963515573697816e-19,true
0,0.7551465817746416,3.8963515573697816e-19,true
0,0.7622176495865071,3.8963515573697816e-19,true
0,0.7692887173983726,3.8963515573697816e-19,true
0,0.7763597852102381,3.8963515573697816e-19,true
0,0.7834308530221036,3.8963515573697816e-19,true
0,0.7905019208339691,3.8963515573697816e-19,true
0,0.7975729886458346,3.8963515573697816e-19,true
0,0.8046440564577001,3.8963515573697816e-19,true
0,0.8117151242695656,3.8963515573697816e-19,true
0,0.8187861920814311,3.8963515573697816e-19,true
0,0.8258572598932966,3.8963515573697816e-19,true
0,0.8329283277051621,3.8963515573697816e-19,true
0,0.8399993955170276,3.8963515573697816e-19,true
0,0.8470704633288931,3.8963515573697816e-19,true
0,0.8541415311407586,3.8963515573697816e-19,true
0,0.8612125989526241,3.8963515573697816e-19,true
0,0.8682836667644896,3.8963515573697816e-19,true
0,0.8753547345763552,3.8963515573697816e-19,true
0,0.8824258023882207,3.8963515573697816e-19,true
0,0.8894968702000862,3.8963515573697816e-19,true
0,0.8965679380119517,3.8963515573697816e-19,true
0,0.9036390058238172,3.8963515573697816e-19,true
0,0.9107100736356827,3.8963515573697816e-19,true
0,0.9177811414475482,3.8963515573697816e-19,true
0,0.9248522092594137,3.8963515573697816e-19,true
0,0.9319232770712792,3.8963515573697816e-19,true
0,0.9389943448831447,3.8963515573697816e-19,true
0,0.9460654126950102,3.8963515573697816e-19,true
0,0.9531364805068757,3.8963515573697816e-19,true
0,0.9602075483187412,3.8963515573697816e-19,true
0,0.9672786161306067,3.8963515573697816e-19,true
0,0.9743496839424722,3.8963515573697816e-19,true
0,0.9814207517543377,3.8963515573697816e-19,true
0,0.9884918195662032,3.8963515573697816e-19,true
0,0.9955628873780688,3.8963515573697816e-19,true
0,1.0008661882369678,3.8963515573697816e-19,false
0,1.0079372560488333,3.8963515573697816e-19,false
0,1.0150083238606988,3.8963515573697816e-19,false
0,1.0220793916725643,3.8963515573697816e-19,false
0,1.0291504594844298,3.8963515573697816e-19,false
0,1.0362215272962954,3.8963515573697816e-19,false
0,1.0432925951081609,3.8963515573697816e-19,false
0,1.0503636629200264,3.8963515573697816e-19,false
0,1.0574347307318919,3.8963515573697816e-19,false
0,1.0645057985437574,3.8963515573697816e-19,false
0,1.0715768663556229,3.8963515573697816e-19,false
0,1.0786479341674884,3.8963515573697816e-19,false
0,1.085719001979354,3.8963515573697816e-19,false
0,1.0927900697912194,3.8963515573697816e-19,false
0,1.099861137603085,3.8963515573697816e-19,false
0,1.1069322054149504,3.8963515573697816e-19,false
0,1.114003273226816,3.8963515573697816e-19,false
0,1.1210743410386814,3.8963515573697816e-19,false
0,1.128145408850547,3.8963515573697816e-19,false
0,1.1352164766624124,3.8963515573697816e-19,false
0,1.142287544474278,3.8963515573697816e-19,false
0,1.1493586122861434,3.8963515573697816e-19,false
0,1.156429680098009,3.8963515573697816e-19,false
0,1.1635007479098745,3.8963515573697816e-19,false
0,1.17057181572174,3.8963515573697816e-19,false
0,1.1776428835336055,3.8963515573697816e-19,false
0,1.184713951345471,3.8963515573697816e-19,false
0,1.1917850191573365,3.8963515573697816e-19,false
0,1.198856086969202,3.8963515573697816e-19,false
0,1.2059271547810675,3.8963515573697816e-19,false
0,1.212998222592933,3.8963515573697816e-19,false
0,1.2200692904047985,3.8963515573697816e-19,false
0,1.227140358216664,3.8963515573697816e-19,false
0,1.2342114260285295,3.8963515573697816e-19,false
0,1.241282493840395,3.8963515573697816e-19,false
0,1.2483535616522605,3.8963515573697816e-19,false
0,1.255424629464126,3.8963515573697816e-19,false
0,1.2624956972759915,3.8963515573697816e-19,false
0,1.269566765087857,3.8963515573697816e-19,false
0,1.2766378328997225,3.8963515573697816e-19,false
0,1.283708900711588,3.8963515573697816e-19,false
0,1.2907799685234536,3.8963515573697816e-19,false
0,1.297851036335319,3.8963515573697816e-19,false
0,1.3049221041471846,3.8963515573697816e-19,false
0,1.31199317195905,3.8963515573697816e-19,false
0,1.3190642397709156,3.8963515573697816e-19,false
0,1.326135307582781,3.8963515573697816e-19,false
0,1.3332063753946466,3.8963515573697816e-19,false
0,1.340277443206512,3.8963515573697816e-19,false
0,1.3473485110183776,3.8963515573697816e-19,false
0,1.354419578830243,3.8963515573697816e-19,false
0,1.3614906466421086,3.8963515573697816e-19,false
0,1.3685617144539741,3.8963515573697816e-19,false
0,1.3756327822658396,3.8963515573697816e-19,false
0,1.3827038500777051,3.8963515573697816e-19,false
0,1.3897749178895706,3.8963515573697816e-19,false
0,1.3968459857014361,3.8963515573697816e-19,false
0,1.4039170535133016,3.8963515573697816e-19,false
0,1.4109881213251672,3.8963515573697816e-19,false
0,1.4180591891370327,3.8963515573697816e-19,false
0,1.4251302569488982,3.8963515573697816e-19,false
0,1.4322013247607637,3.8963515573697816e-19,false
0,1.4392723925726292,3.8963515573697816e-19,false
0,1.4463434603844947,3.8963515573697816e-19,false
0,1.4534145281963602,3.8963515573697816e-19,false
0,1.4604855960082257,3.8963515573697816e-19,false
0,1.4675566638200912,3.8963515573697816e-19,false
0,1.4746277316319567,3.8963515573697816e-19,false
0,1.4816987994438222,3.8963515573697816e-19,false
0,1.4887698672556877,3.8963515573697816e-19,false
0,1.4958409350675532,3.8963515573697816e-19,false
0,1.5029120028794187,3.8963515573697816e-19,false
0,1.5099830706912842,3.8963515573697816e-19,false
0,1.5170541385031497,3.8963515573697816e-19,false
0,1.5241252063150152,3.8963515573697816e-19,false
0,1.5311962741268808,3.8963515573697816e-19,false
0,1.5382673419387463,3.8963515573697816e-19,false
0,1.5453384097506118,3.8963515573697816e-19,false
0,1.5524094775624773,3.8963515573697816e-19,false
0,1.5594805453743428,3.8963515573697816e-19,false
0,1.5665516131862083,3.8963515573697816e-19,false
0,1.5736226809980738,3.8963515573697816e-19,false
0,1.5806937488099393,3.8963515573697816e-19,false
0,1.5877648166218048,3.8963515573697816e-19,false
0,1.5948358844336703,3.8963515573697816e-19,false
0,1.6019069522455358,3.8963515573697816e-19,false
0,1.6089780200574013,3.8963515573697816e-19,false
0,1.6160490878692668,3.8963515573697816e-19,false
0,1.6231201556811323,3.8963515573697816e-19,false
0,1.6301912234929978,3.8963515573697816e-19,false
0,1.6372622913048633,3.8963515573697816e-19,false
0,1.6443333591167288,3.8963515573697816e-19,false
0,1.6514044269285943,3.8963515573697816e-19,false
0,1.6584754947404599,3.8963515573697816e-19,false
0,1.6655465625523254,3.8963515573697816e-19,false
0,1.6726176303641909,3.8963515573697816e-19,false
0,1.6796886981760564,3.8963515573697816e-19,false
0,1.6867597659879219,3.8963515573697816e-19,false
0,1.6938308337997874,3.8963515573697816e-19,false
0,1.7009019016116529,3.8963515573697816e-19,false
0,1.7079729694235184,3.8963515573697816e-19,false
0,1.715044037235384,3.8963515573697816e-19,false
0,1.7221151050472494,3.8963515573697816e-19,false
0,1.729186172859115,3.8963515573697816e-19,false
0,1.7362572406709804,3.8963515573697816e-19,false
0,1.743328308482846,3.8963515573697816e-19,false
0,1.7503993762947114,3.8963515573697816e-19,false
0,1.757470444106577,3.8963515573697816e-19,false
0,1.7645415119184424,3.8963515573697816e-19,false
0,1.771612579730308,3.8963515573697816e-19,false
0,1.7786836475421735,3.8963515573697816e-19,false
0,1.785754715354039,3.8963515573697816e-19,false
0,1.7928257831659045,3.8963515573697816e-19,false
0,1.79989685097777,3.8963515573697816e-19,false
0,1.8069679187896355,3.8963515573697816e-19,false
0,1.814038986601501,3.8963515573697816e-19,false
0,1.8211100544133665,3.8963515573697816e-19,false
0,1.828181122225232,3.8963515573697816e-19,false
0,1.8352521900370975,3.8963515573697816e-19,false
0,1.842323257848963,3.8963515573697816e-19,false
0,1.8493943256608285,3.8963515573697816e-19,false
0,1.856465393472694,3.8963515573697816e-19,false
0,1.8635364612845595,3.8963515573697816e-19,false
0,1.870607529096425,3.8963515573697816e-19,false
0,1.8776785969082905,3.8963515573697816e-19,false
0,1.884749664720156,3.8963515573697816e-19,false
0,1.8918207325320215,3.8963515573697816e-19,false
0,1.898891800343887,3.8963515573697816e-19,false
0,1.9059628681557526,3.8963515573697816e-19,false
0,1.913033935967618,3.8963515573697816e-19,false
0,1.9201050037794836,3.8963515573697816e-19,false
0,1.927176071591349,3.8963515573697816e-19,false
0,1.9342471394032146,3.8963515573697816e-19,false
0,1.94131820721508,3.8963515573697816e-19,false
0,1.9483892750269456,3.8963515573697816e-19,false
0,1.955460342838811,3.8963515573697816e-19,false
0,1.9625314106506766,3.8963515573697816e-19,false
0,1.969602478462542,3.8963515573697816e-19,false
0,1.9766735462744076,3.8963515573697816e-19,false
0,1.9837446140862731,3.8963515573697816e-19,false
0,1.9908156818981386,3.8963515573697816e-19,false
0,1.9978867497100041,3.8963515573697816e-19,false
0,2.0049578175218694,3.8963515573697816e-19,false
0,2.0120288853337347,3.8963515573697816e-19,false
0,2.0190999531456,3.8963515573697816e-19,false
0,2.0261710209574653,3.8963515573697816e-19,false
0,2.0332420887693305,3.8963515573697816e-19,false
0,2.040313156581196,3.8963515573697816e-19,false
0,2.047384224393061,3.8963515573697816e-19,false
0,2.0544552922049264,3.8963515573697816e-19,false
0,2.0615263600167917,3.8963515573697816e-19,false
0,2.068597427828657,3.8963515573697816e-19,false
0,2.0756684956405222,3.8963515573697816e-19,false
0,2.0827395634523875,3.8963515573697816e-19,false
0,2.089810631264253,3.8963515573697816e-19,false
0,2.096881699076118,3.8963515573697816e-19,false
0,2.1039527668879834,3.8963515573697816e-19,false
0,2.1110238346998487,3.8963515573697816e-19,false
0,2.118094902511714,3.8963515573697816e-19,false
0,2.1251659703235792,3.8963515573697816e-19,false
0,2.1322370381354445,3.8963515573697816e-19,false
0,2.13930810594731,3.8963515573697816e-19,false
0,2.146379173759175,3.8963515573697816e-19,false
0,2.1534502415710404,3.8963515573697816e-19,false
0,2.1605213093829057,3.8963515573697816e-19,false
0,2.167592377194771,3.8963515573697816e-19,false
0,2.174663445006636,3.8963515573697816e-19,false
0,2.1817345128185015,3.8963515573697816e-19,false
0,2.188805580630367,3.8963515573697816e-19,false
0,2.195876648442232,3.8963515573697816e-19,false
0,2.2029477162540974,3.8963515573697816e-19,false
0,2.2100187840659626,3.8963515573697816e-19,false
0,2.217089851877828,3.8963515573697816e-19,false
0,2.224160919689693,3.8963515573697816e-19,false
0,2.2312319875015585,3.8963515573697816e-19,false
0,2.2383030553134238,3.8963515573697816e-19,false
0,2.245374123125289,3.8963515573697816e-19,false
0,2.2524451909371543,3.8963515573697816e-19,false
0,2.2595162587490196,3.8963515573697816e-19,false
0,2.266587326560885,3.8963515573697816e-19,false
0,2.27365839437275,3.8963515573697816e-19,false
0,2.2807294621846155,3.8963515573697816e-19,false
0,2.2878005299964808,3.8963515573697816e-19,false
0,2.294871597808346,3.8963515573697816e-19,false
0,2.3019426656202113,3.8963515573697816e-19,false
0,2.3090137334320766,3.8963515573697816e-19,false
0,2.316084801243942,3.8963515573697816e-19,false
0,2.323155869055807,3.8963515573697816e-19,false
0,2.3302269368676725,3.8963515573697816e-19,false
0,2.3372980046795377,3.8963515573697816e-19,false
0,2.344369072491403,3.8963515573697816e-19,false
0,2.3514401403032683,3.8963515573697816e-19,false
0,2.3585112081151336,3.8963515573697816e-19,false
0,2.365582275926999,3.8963515573697816e-19,false
0,2.372653343738864,3.8963515573697816e-19,false
0,2.3797244115507294,3.8963515573697816e-19,false
0,2.3867954793625947,3.8963515573697816e-19,false
0,2.39386654717446,3.8963515573697816e-19,false
0,2.4009376149863253,3.8963515573697816e-19,false
0,2.4080086827981906,3.8963515573697816e-19,false
0,2.415079750610056,3.8963515573697816e-19,false
0,2.422150818421921,3.8963515573697816e-19,false
0,2.4292218862337864,3.8963515573697816e-19,false
0,2.4362929540456517,3.8963515573697816e-19,false
0,2.443364021857517,3.8963515573697816e-19,false
0,2.4504350896693823,3.8963515573697816e-19,false
0,2.4575061574812476,3.8963515573697816e-19,false
0,2.464577225293113,3.8963515573697816e-19,false
0,2.471648293104978,3.8963515573697816e-19,false
0,2.4787193609168434,3.8963515573697816e-19,false
0,2.4857904287287087,3.8963515573697816e-19,false
0,2.492861496540574,3.8963515573697816e-19,false
0,2.4999325643524393,3.8963515573697816e-19,false
0,2.5070036321643046,3.8963515573697816e-19,false
0,2.51407469997617,3.8963515573697816e-19,false
0,2.521145767788035,3.8963515573697816e-19,false
0,2.5282168355999004,3.8963515573697816e-19,false
0,2.5352879034117657,3.8963515573697816e-19,false
0,2.542358971223631,3.8963515573697816e-19,false
0,2.5494300390354963,3.8963515573697816e-19,false
0,2.5565011068473615,3.8963515573697816e-19,false
0,2.563572174659227,3.8963515573697816e-19,false
0,2.570643242471092,3.8963515573697816e-19,false
0,2.5777143102829574,3.8963515573697816e-19,false
0,2.5847853780948227,3.8963515573697816e-19,false
0,2.591856445906688,3.8963515573697816e-19,false
0,2.5989275137185532,3.8963515573697816e-19,false
1,3.0,-0.9949015284526289,true
1,2.9966945529224804,-0.9948669084253993,true
1,2.989623881318125,-0.9947920465433883,true
1,2.9825532215784363,-0.9947160720617684,true
1,2.9754825740646,-0.9946389679055675,true
1,2.9684119391490382,-0.9945607167238962,true
1,2.96134131721577,-0.9944813008851378,true
1,2.954270708660782,-0.9944007024720445,true
1,2.9472001138924115,-0.9943189032767412,true
1,2.9401295333317448,-0.9942358847956314,true
1,2.9330589674130256,-0.994151628224204,true
1,2.925988416584078,-0.9940661144517404,true
1,2.9189178813067453,-0.9939793240559178,true
1,2.9118473620573404,-0.993891237297308,true
1,2.904776859327114,-0.9938018341137674,true
1,2.897706373622737,-0.993711094114718,true
1,2.8906359054668003,-0.9936189965753165,true
1,2.8835654553983288,-0.9935255204305075,true
1,2.8764950239733165,-0.9934306442689597,true
1,2.8694246117652766,-0.9933343463268828,true
1,2.8623542193658107,-0.9932366044817218,true
1,2.855283847385199,-0.9931373962457248,true
1,2.848213496453008,-0.9930366987593842,true
1,2.8411431672187204,-0.9929344887847457,true
1,2.834072860352386,-0.9928307426985855,true
1,2.8270025765452953,-0.9927254364854481,true
1,2.8199323165106738,-0.9926185457305455,true
1,2.812862080984403,-0.9925100456125138,true
1,2.805791870725765,-0.9923999108960226,true
1,2.7987216865182107,-0.9922881159242353,true
1,2.7916515291701565,-0.9921746346111157,true
1,2.784581399515808,-0.9920594404335801,true
1,2.7775112984160124,-0.9919425064234857,true
1,2.7704412267591367,-0.9918238051594607,true
1,2.7633711854619825,-0.9917033087585607,true
1,2.756301175470727,-0.9915809888677594,true
1,2.749231197761899,-0.9914568166552605,true
1,2.742161253343388,-0.9913307628016326,true
1,2.735091343255489,-0.9912027974907585,true
1,2.7280214685719835,-0.9910728904005998,true
1,2.720951630401256,-0.9909410106937662,true
1,2.713881829887454,-0.9908071270078911,true
1,2.706812068211684,-0.9906712074458055,true
1,2.6997423465932524,-0.990533219565505,true
1,2.6926726662909477,-0.9903931303699086,true
1,2.68560302860437,-0.9902509062963986,true
1,2.678533434875306,-0.9901065132061441,true
1,2.6714638864891516,-0.9899599163731962,true
1,2.6643943848763874,-0.9898110804733523,true
1,2.657324931514104,-0.9896599695727848,true
1,2.6502555279275826,-0.9895065471164278,true
1,2.6431861756919313,-0.9893507759161145,true
1,2.636116876433779,-0.9891926181384638,true
1,2.629047631833032,-0.9890320352925023,true
1,2.6219784436246907,-0.9888689882170254,true
1,2.614909313600758,-0.988703437066621,true
1,2.6078402436120904,-0.9885353413026815,true
1,2.600771235570565,-0.9883646596736847,true
1,2.593702291451077,-0.9881913502055416,true
1,2.5866334132937308,-0.9880153701865069,true
1,2.5795646032060873,-0.9878366761528027,true
1,2.5724958633654933,-0.9876552238739271,true
1,2.565427196021494,-0.9874709683376417,true
1,2.5583586034983314,-0.9872838637346284,true
1,2.5512900881975393,-0.9870938634428097,true
1,2.5442216526006267,-0.9869009200113225,true
1,2.5371532992718633,-0.9867049851441368,true
1,2.5300850308611653,-0.986506009683313,true
1,2.523016850107088,-0.9863039435918852,true
1,2.515948759839928,-0.986098735936365,true
1,2.5088807629849397,-0.9858903348688538,true
1,2.5018128625656706,-0.9856786876087555,true
1,2.49474506170742,-0.9854637404240791,true
1,2.487677363640827,-0.985245438612321,true
1,2.480609771705589,-0.9850237264809166,true
1,2.473542289354323,-0.9847985473272518,true
1,2.466474920156566,-0.9845698434182206,true
1,2.459407667802929,-0.9843375559693212,true
1,2.452340536109405,-0.9841016251232754,true
1,2.4452735290218373,-0.9838619899281634,true
1,2.4382066506205597,-0.983618588315058,true
1,2.4311399051252076,-0.9833713570751481,true
1,2.4240732968997123,-0.9831202318363388,true
1,2.4170068304574865,-0.9828651470393138,true
1,2.4099405104668037,-0.9826060359130474,true
1,2.4028743417563825,-0.9823428304497527,true
1,2.395808329321185,-0.9820754613792503,true
1,2.388742478328437,-0.9818038581427463,true
1,2.3816767941238752,-0.9815279488659999,true
1,2.374611282238239,-0.9812476603318709,true
1,2.367545948394006,-0.9809629179522265,true
1,2.360480798512393,-0.9806736457391948,true
1,2.3534158387206228,-0.9803797662757482,true
1,2.3463510753594736,-0.9800812006855971,true
1,2.3392865149911213,-0.9797778686023813,true
1,2.3322221644072854,-0.9794696881381373,true
1,2.3251580306376947,-0.9791565758510259,true
1,2.3180941209588792,-0.9788384467123016,true
1,2.3110304429033097,-0.9785152140725025,true
1,2.303967004268893,-0.9781867896268454,true
1,2.2969038131288415,-0.9778530833798023,true
1,2.289840877841931,-0.9775140036088398,true
1,2.2827782070631613,-0.9771694568273029,true
1,2.2757158097548413,-0.9768193477464163,true
1,2.268653695198112,-0.9764635792363883,true
1,2.261591873004924,-0.9761020522865893,true
1,2.2545303531304977,-0.9757346659647871,true
1,2.247469145886274,-0.9753613173754121,true
1,2.2404082619533865,-0.9749819016168312,true
1,2.233347712396672,-0.9745963117376052,true
1,2.226287508679243,-0.9742044386917067,true
1,2.219227662677645,-0.9738061712926703,true
1,2.2121681866976273,-0.9734013961666538,true
1,2.205109093490549,-0.972989997704381,true
1,2.1980503962704483,-0.9725718580119412,true
1,2.1909921087318054,-0.9721468568604196,true
1,2.1839342450680257,-0.9717148716343276,true
1,2.176876819990676,-0.9712757772788101,true
1,2.169819848749505,-0.9708294462455983,true
1,2.1627633471532848,-0.9703757484376793,true
1,2.1557073315915014,-0.9699145511526563,true
1,2.1486518190569384,-0.9694457190247686,true
1,2.141596827169189,-0.9689691139655386,true
1,2.1345423741991354,-0.9684845951030224,true
1,2.127488479094439,-0.9679920187196287,true
1,2.1204351615060837,-0.9674912381884769,true
1,2.1133824418160216,-0.9669821039082647,true
1,2.1063303411659606,-0.966464463236613,true
1,2.0992788814873533,-0.9659381604218589,true
1,2.092228085532632,-0.9654030365332655,true
1,2.085177976907746,-0.9648589293896158,true
1,2.0781285801060605,-0.9643056734861631,true
1,2.07107992054367,-0.9637430999199059,true
1,2.064032024596194,-0.9631710363131565,true
1,2.056984919637117,-0.9625893067353749,true
1,2.0499386340777366,-0.9619977316232385,true
1,2.042893197408794,-0.961396127698918,true
1,2.0358486402438603,-0.9607843078865327,true
1,2.028804994364548,-0.9601620812267582,true
1,2.021762292767638,-0.9595292527895601,true
1,2.014720569714192,-0.9588856235850302,true
1,2.0076798607807493,-0.958230990472299,true
1,2.0006402029126873,-0.9575651460665086,true
1,1.993601634479846,-0.9568878786438194,true
1,1.9865641953345126,-0.9561989720444396,true
1,1.9795279268718653,-0.955498205573657,true
1,1.9724928720929853,-0.9547853539008633,true
1,1.965459075670546,-0.9540601869565621,true
1,1.958426584017293,-0.9533224698273519,true
1,1.9513954453574354,-0.9525719626488823,true
1,1.9443657098010718,-0.9518084204967865,true
1,1.937337429421779,-0.9510315932755947,true
1,1.9303106583374974,-0.9502412256056387,true
1,1.9232854527948535,-0.9494370567079664,true
1,1.9162618712570596,-0.9486188202872863,true
1,1.9092399744955437,-0.9477862444129724,true
1,1.9022198256854619,-0.9469390513981664,true
1,1.895201490505254,-0.9460769576770185,true
1,1.8881850372404076,-0.9451996736801243,true
1,1.8811705368916014,-0.9443069037082147,true
1,1.8741580632874055,-0.9433983458041759,true
1,1.8671476932017195,-0.9424736916234799,true
1,1.8601395064761368,-0.9415326263031228,true
1,1.8531335861474285,-0.9405748283291794,true
1,1.8461300185803442,-0.9395999694030969,true
1,1.8391288936059356,-0.9386077143068661,true
1,1.83213030466561,-0.9375977207672263,true
1,1.8251343489611291,-0.9365696393190747,true
1,1.8181411276107684,-0.9355231131682759,true
1,1.8111507458118636,-0.934457778054081,true
1,1.8041633130099666,-0.933373262111398,true
1,1.7971789430748428,-0.9322691857331659,true
1,1.79019775448354,-0.931145161433126,true
1,1.7832198705107631,-0.9300007937093009,true
1,1.7762454194267912,-0.9288356789085243,true
1,1.7692745347031678,-0.9276494050924002,true
1,1.7623073552264032,-0.9264415519051005,true
1,1.7553440255199169,-0.9252116904434465,true
1,1.7483846959744493,-0.9239593831297628,true
1,1.7414295230871661,-0.9226841835880262,true
1,1.73447866970967,-0.9213856365238863,true
1,1.7275323053051266,-0.9200632776091701,true
1,1.7205906062147014,-0.9187166333715416,true
1,1.713653755933487,-0.9173452210900342,true
1,1.7067219453960878,-0.9159485486972311,true
1,1.6997953732720064,-0.9145261146889262,true
1,1.692874246270954,-0.9130774080421609,true
1,1.6859587794581832,-0.9116019081425923,true
1,1.6790491965799021,-0.9100990847222216,true
1,1.6721457303988079,-0.9085683978085719,true
1,1.66524862303972,-0.9070092976864903,true
1,1.658358126345266,-0.9054212248738096,true
1,1.6514745022415038,-0.9038036101121955,true
1,1.6445980231133233,-0.9021558743745758,true
1,1.6377289721893942,-0.9004774288906351,true
1,1.6308676439363603,-0.8987676751919407,true
1,1.6240143444619022,-0.8970260051783453,true
1,1.6171693919262,-0.8952518012074056,true
1,1.6103331169612354,-0.8934444362086292,true
1,1.6035058630972643,-0.891603273824456,true
1,1.5966879871956778,-0.8897276685799542,true
1,1.589879859887345,-0.8878169660832939,true
1,1.5830818660153931,-0.8858705032591356,true
1,1.5762944050812409,-0.8838876086171387,true
1,1.569517891692533,-0.8818676025578572,true
1,1.562752756011469,-0.8798097977183502,true
1,1.5559994442018281,-0.8777134993598673,true
1,1.5492584188728098,-0.875578005800016,true
1,1.542530159517604,-0.8734026088918189,true
1,1.5358151629443935,-0.8711865945520874,true
1,1.5291139436972743,-0.8689292433415041,true
1,1.5224270344643431,-0.8666298310987803,true
1,1.51575498646997,-0.8642876296311804,true
1,1.5090983698480258,-0.8619019074636197,true
1,1.5024577739925937,-0.8594719306484186,true
1,1.4958338078824363,-0.856996963637642,true
1,1.489227100375251,-0.8544762702197565,true
1,1.4826383004674992,-0.8519091145221149,true
1,1.4760680775153563,-0.8492947620804963,true
1,1.469517121412112,-0.8466324809766168,true
1,1.462986142717142,-0.8439215430441588,true
1,1.456475872731381,-0.8411612251434497,true
1,1.4499870635140786,-0.8383508105044575,true
1,1.4435204878354888,-0.8354895901372531,true
1,1.437076939060058,-0.8325768643085134,true
1,1.4306572309546424,-0.8296119440820258,true
1,1.4242621974162974,-0.8265941529204773,true
1,1.4178926921142552,-0.8235228283450953,true
1,1.411549588040848,-0.8203973236489441,true
1,1.4052337769663572,-0.8172170096588857,true
1,1.398946168793055,-0.813981276540376,true
1,1.3926876908040937,-0.8106895356384238,true
1,1.386459286803373,-0.8073412213471661,true
1,1.3802619161430774,-0.8039357929996537,true
1,1.374096552636254,-0.8004727367685769,true
1,1.3679641833525527,-0.7969515675678454,true
1,1.3618658072961274,-0.7933718309441338,true
1,1.3558024339656478,-0.7897331049467857,true
1,1.3497750817974183,-0.7860350019638158,true
1,1.3437847764937387,-0.7822771705111805,true
1,1.3378325492398326,-0.7784592969620524,true
1,1.3319194348139383,-0.7745811072025058,true
1,1.3260464695964536,-0.7706423681998522,true
1,1.3202146894853615,-0.7666428894698486,true
1,1.314425127726486,-0.7625825244291662,true
1,1.308678812668453,-0.7584611716198496,true
1,1.3029767654534936,-0.7542787757930344,true
1,1.297319997656441,-0.750035328839922,true
1,1.2917095088853776,-0.7457308705589386,true
1,1.286146284358389,-0.7413654892491196,true
1,1.280631292471728,-0.7369393221210593,true
1,1.2751654823753826,-0.7324525555182344,true
1,1.269749781572541,-0.7279054249431172,true
1,1.2643850935597376,-0.723298214884244,true
1,1.2590722955245555,-0.7186312584422383,true
1,1.2538122361175994,-0.7139049367547109,true
1,1.2486057333150904,-0.7091196782219025,true
1,1.2434535723878155,-0.7042759575369003,true
1,1.2383565039913402,-0.699374294526186,true
1,1.2333152423913443,-0.6944152528081405,true
1,1.2283304638367047,-0.6893994382788966,true
1,1.2234028050915249,-0.684327497436579,true
1,1.218532862135751,-0.6792001155564483,true
1,1.2137211890423187,-0.6740180147307702,true
1,1.2089682970369895,-0.6687819517883383,true
1,1.2042746537452,-0.6634927161094517,true
1,1.1996406826283728,-0.6581511273528129,true
1,1.1950667626102736,-0.6527580331112289,true
1,1.1905532278921855,-0.6473143065131864,true
1,1.1861003679539044,-0.6418208437873354,true
1,1.181708427735909,-0.6362785618066557,true
1,1.177377607996523,-0.6306883956286183,true
1,1.1731080658364845,-0.6250512960470109,true
1,1.1688999153821034,-0.6193682271702731,true
1,1.1647532286171207,-0.6136401640402437,true
1,1.1606680363524877,-0.6078680903041377,true
1,1.1566443293225812,-0.6020529959514053,true
1,1.1526820593958331,-0.5961958751258944,true
1,1.1487811408874111,-0.5902977240224536,true
1,1.1449414519614052,-0.5843595388758123,true
1,1.141162836109944,-0.5783823140482852,true
1,1.1374451036968118,-0.5723670402215625,true
1,1.1337880335533794,-0.5663147026966151,true
1,1.1301913746150496,-0.5602262798045641,true
1,1.1266548475869125,-0.5541027414302365,true
1,1.1231781466278492,-0.5479450476491059,true
1,1.1197609410429905,-0.5417541474773444,true
1,1.116402876975111,-0.5355309777338566,true
1,1.1131035790862769,-0.5292764620123932,true
1,1.1098626522218322,-0.5229915097611505,true
1,1.1066796830495669,-0.5166770154666886,true
1,1.1035542416676887,-0.5103338579384931,true
1,1.1004858831759778,-0.5039628996901001,true
1,1.097474149205254,-0.4975649864123744,true
1,1.0945185694009891,-0.4911409465342812,true
1,1.0916186628576001,-0.4846915908663104,true
1,1.0887739395005913,-0.47821771232160326,true
1,1.0859839014143309,-0.4717200857097675,true
1,1.083248044113807,-0.4651994675983734,true
1,1.0805658577592308,-0.4586565962371581,true
1,1.0779368283128279,-0.45209219154005276,true
1,1.0753604386375901,-0.4455069551202615,true
1,1.072836169538139,-0.43890157037376487,true
1,1.070363500744202,-0.43227670260679085,true
1,1.0679419118374993,-0.4256329992029769,true
1,1.0655708831230915,-0.4189710898261527,true
1,1.0632498964464765,-0.4122915866548762,true
1,1.0609784359578986,-0.4055950846450753,true
1,1.0587559888254918,-0.3988821618173678,true
1,1.0565820458990125,-0.392153379565846,true
1,1.0544561023260015,-0.38540928298533955,true
1,1.0523776581223023,-0.37865040121437743,true
1,1.0503462186989072,-0.371877247791286,true
1,1.0483612953471328,-0.3650903210210577,true
1,1.0464224056841496,-0.35829010435082737,true
1,1.0445290740608815,-0.3514770667519754,true
1,1.0426808319342769,-0.3446516631070612,true
1,1.040877218205936,-0.33781433459995625,true
1,1.0391177795290307,-0.3309655091077099,true
1,1.0374020705854214,-0.32410560159283014,true
1,1.0357296543348191,-0.31723501449480435,true
1,1.0341001022377843,-0.3103541381198171,true
1,1.0325129944542994,-0.30346335102774497,true
1,1.0309679200195812,-0.2965630204156232,true
1,1.0294644769987424,-0.2896535024968837,true
1,1.0280022726218379,-0.28273514287576224,true
1,1.0265809234007632,-0.27580827691636206,true
1,1.0252000552294127,-0.2688732301059428,true
1,1.0238593034684245,-0.2619303184120787,true
1,1.0225583130157851,-0.25497984863339945,true
1,1.021296738364489,-0.24802211874368738,true
1,1.0200742436483943,-0.2410574182291625,true
1,1.0188905026773438,-0.23408602841883783,true
1,1.017745198962566,-0.22710822280787252,true
1,1.0166380257333103,-0.22012426737389082,true
1,1.0155686859456072,-0.2131344208862752,true
1,1.0145368922840043,-0.20613893520847038,true
1,1.0135423671570591,-0.19913805559336786,true
1,1.0125848426873325,-0.19213202097186524,true
1,1.0116640606965734,-0.18512106423471708,true
1,1.0107797726867396,-0.17810541250781595,true
1,1.00993173981746,-0.17108528742105802,true
1,1.0091197328804964,-0.16406090537096493,true
1,1.008343532271731,-0.1570324777772458,true
1,1.0076029279611625,-0.15000021133349575,true
1,1.0068977194613646,-0.14296430825223658,true
1,1.0062277157948252,-0.13592496650451394,true
1,1.0055927354605476,-0.12888238005427335,true
1,1.0049926064002819,-0.12183673908774215,true
1,1.0044271659647066,-0.1147882302380503,true
1,1.0038962608798714,-0.10773703680532722,true
1,1.0033997472141782,-0.10068333897251451,true
1,1.0029374903461574,-0.0936273140171379,true
1,1.002509364933273,-0.08656913651928322,true
1,1.0021152548819747,-0.07950897856602297,true
1,1.0017550533191852,-0.07244700995254182,true
1,1.0014286625654067,-0.06538339838020904,true
1,1.0011359941095992,-0.05831830965184771,true
1,1.000876968585977,-0.05125190786444976,true
1,1.0006515157528482,-0.04418435559958705,true
1,1.0004595744736104,-0.037115814111767696,true
1,1.0003010926999993,-0.030046443514987687,true
1,1.0001760274576743,-0.022976402967727044,true
1,1.0000843448342096,-0.015905850856639935,true
1,1.000026019969552,-0.008834944979187721,true
1,1.0000010370489893,-0.001763842725464037,true
1,1.0000093892986575,0.005307298740539474,true
1,1.0000510789836163,0.012378322299872548,true
1,1.000126117285574,0.019449061222258875,true
1,1.000219253573996,0.025641786509495217,true
1,1.0003000176191343,0.029992783620810506,true
1,1.0003626018366423,0.03297113744194827,true
1,1.0004088653813252,0.03500991234932454,true
1,1.0004421392182177,0.036405531229463536,true
1,1.0004813407617348,0.037983839221726455,true
1,1.0013661882369678,0.03867956690213283,true
1,1.0008661882369678,3.8963515573697816e-19,false
1,1.000000019729599,0.00024324261206560557,true
1,1.0000005112064674,0.0012383933096235008,true
1,1.0000022517739506,0.002599095052413256,true
1,1.0000070130129832,0.004586804707390086,true
1,1.0000187028420235,0.007490437821649037,true
1,1.0000458838423603,0.011732018756079118,true
1,1.0001071579682523,0.017927964389593598,true
1,1.000208384422146,0.02499837690044696,true
1,1.0003430023814937,0.03206824205421451,true
1,1.0005110482363928,0.039137391827730544,true
1,1.0007125675548427,0.046205666807955084,true
1,1.0009476149826464,0.05327290657367571,true
1,1.001216254258501,0.06033894950998697,true
1,1.0015185582314015,0.06740363262124803,true
1,1.0018546088802731,0.07446679134216427,true
1,1.0022244973357286,0.08152825934674277,true
1,1.0026283239038318,0.08858786835487234,true
1,1.0030661980917428,0.0956454479362781,true
1,1.0035382386350924,0.10270082531160132,true
1,1.004044573526922,0.10975382515035531,true
1,1.0045853400480096,0.11680426936550897,true
1,1.0051606847983825,0.12385197690445032,true
1,1.0057707637297928,0.13089676353608393,true
1,1.0064157421789164,0.13793844163381783,true
1,1.0070957949010169,0.14497681995419703,true
1,1.0078111061037793,0.1520117034109454,true
1,1.0085618694810103,0.1590428928441788,true
1,1.009348288245861,0.16607018478455932,true
1,1.0101705751632106,0.1730933712121632,true
1,1.0110289525808123,0.18011223930984388,true
1,1.0119236524587736,0.18712657121087733,true
1,1.012854916396914,0.19413614374068644,true
1,1.013822995659499,0.2011407281524518,true
1,1.0148281511968202,0.20814008985642823,true
1,1.0158706536630469,0.21513398814280016,true
1,1.0169507834297327,0.22212217589792513,true
1,1.0180688305943242,0.229104399313834,true
1,1.0192250949829589,0.2360803975908758,true
1,1.0204198861468043,0.24304990263342074,true
1,1.0216535233511321,0.25001263873856094,true
1,1.0229263355562717,0.256968322277778,true
1,1.0242386613895287,0.2639166613715831,true
1,1.0255908491071002,0.2708573555571705,true
1,1.026983256544956,0.27779009544916994,true
1,1.0284162510575938,0.2847145623936302,true
1,1.0298902094435192,0.2916304281154172,true
1,1.0314055178562223,0.2985373543592701,true
1,1.032962571699373,0.30543499252482187,true
1,1.0345617755048775,0.3123229832959597,true
1,1.036203542792377,0.31920095626498024,true
1,1.0378882959086957,0.32606852955207666,true
1,1.0396164658456863,0.3329253094207871,true
1,1.0413884920348462,0.3397708898901339,true
1,1.0432048221170158,0.34660485234429117,true
1,1.0450659116854066,0.3534267651407348,true
1,1.0469722240001547,0.36023618321795364,true
1,1.048924229672525,0.3670326477039394,true
1,1.0509224063168665,0.3738156855268108,true
1,1.0529672381683537,0.38058480902908853,true
1,1.0550592156645304,0.3873395155872958,true
1,1.0571988349886494,0.39407928723873387,true
1,1.0593865975727856,0.40080359031746343,true
1,1.0616230095587034,0.4075118751017137,true
1,1.0639085812144855,0.4142035754751391,true
1,1.0662438263049585,0.42087810860454805,true
1,1.068629261414017,0.4275348746369416,true
1,1.0710654052170172,0.4341732564189147,true
1,1.0735527777015355,0.4407926192416916,true
1,1.0760918993348956,0.4473923106152894,true
1,1.07868329017706,0.4539716600755178,true
1,1.0813274689376584,0.46052997902774334,true
1,1.0840249519761676,0.46706656063154756,true
1,1.0867762522445272,0.4735806797306099,true
1,1.0895818781717936,0.48007159283232015,true
1,1.0924423324907715,0.4865385381417962,true
1,1.0953581110069786,0.49298073565510947,true
1,1.098329701310732,0.4993973873166347,true
1,1.101357581433631,0.5057876772455092,true
1,1.1044422184512483,0.5121507720362187,true
1,1.1075840670344168,0.5184858211383083,true
1,1.1107835679521179,0.5247919573201446,true
1,1.1140411465296394,0.5310682972215253,true
1,1.117357211066359,0.5373139419997331,true
1,1.1207321512182469,0.5435279780733556,true
1,1.124166336350913,0.549709477967846,true
1,1.1276601138698075,0.5558575012663617,true
1,1.131213807534942,0.5619710956688975,true
1,1.1348277157682725,0.5680492981621128,true
1,1.1385021099626382,0.5740911363015484,true
1,1.142237232801872,0.5800956296071256,true
1,1.146033296602377,0.5860617910719305,true
1,1.1498904816870867,0.5919886287833029,true
1,1.1538089348032738,0.5978751476541918,true
1,1.1577887675961207,0.603720351261596,true
1,1.1618300551503264,0.6095232437877146,true
1,1.1659328346122322,0.6152828320581816,true
1,1.1700971039050485,0.6209981276704677,true
1,1.174322820549696,0.6266681492042451,true
1,1.1786099006035422,0.6322919245041998,true
1,1.1829582177289197,0.6378684930245215,true
1,1.187367602402728,0.643396908223072,true
1,1.1918378412776631,0.6488762399920927,true
1,1.1963686767046755,0.6543055771112702,true
1,1.2009598064251366,0.6596840297080618,true
1,1.2056108834399142,0.665010731709406,true
1,1.2103215160611158,0.6702848432683614,true
1,1.2150912681506827,0.6755055531487951,true
1,1.2199196595483346,0.6806720810510621,true
1,1.2248061666895844,0.6857836798616257,true
1,1.229750223412702,0.690839637809839,true
1,1.234751221951647,0.6958392805155849,true
1,1.2398085141101163,0.7007819729121982,true
1,1.2449214126100265,0.7056671210300429,true
1,1.2500891926059972,0.7104941736272683,true
1,1.2553110933557288,0.7152626236556391,true
1,1.2605863200346574,0.7199720095508528,true
1,1.2659140456818856,0.7246219163384481,true
1,1.2712934132632112,0.7292119765482032,true
1,1.2767235378360868,0.7337418709318159,true
1,1.2822035088005754,0.7382113289805894,true
1,1.2877323922198278,0.7426201292418206,true
1,1.2933092331932918,0.7469680994345227,true
1,1.298933058265788,0.7512551163670136,true
1,1.3046028778557242,0.7554811056607209,true
1,1.3103176886860801,0.7596460412862567,true
1,1.3160764762023505,0.7637499449193912,true
1,1.3218782169623633,0.767792885125978,true
1,1.3277218809837958,0.7717749763861214,true
1,1.3336064340362326,0.7756963779689481,true
1,1.3395308398657542,0.7795572926702126,true
1,1.345494062341274,0.7833579654256418,true
1,1.351495067513128,0.7870986818134048,true
1,1.3575328255757377,0.7907797664593883,true
1,1.3636063127275109,0.7944015813590648,true
1,1.3697145129224577,0.7979645241296849,true
1,1.3758564195092975,0.8014690262063038,true
1,1.3820310367550765,0.8049155509947981,true
1,1.3882373812514972,0.8083045919945464,true
1,1.394474483203267,0.8116366709028607,true
1,1.4007413875988033,0.814912335712572,true
1,1.407037155264552,0.8181321588134396,true
1,1.4133608638050255,0.8212967351072352,true
1,1.4197116084313934,0.8244066801455319,true
1,1.4260885026821033,0.8274626282983538,true
1,1.432490679039547,0.8304652309609875,true
1,1.4389172894472406,0.833415154805379,true
1,1.4453675057323343,0.8363130800817086,true
1,1.4518405199385533,0.8391596989749001,true
1,1.4583355445748534,0.8419557140200402,true
1,1.4648518127852037,0.8447018365799301,true
1,1.4713885784449645,0.8473987853872884,true
1,1.477945116189324,0.8500472851534646,true
1,1.4845207213792098,0.8526480652449168,true
1,1.4911147100099877,0.8552018584281535,true
1,1.497726418568133,0.8577093996833322,true
1,1.5043552038408838,0.8601714250862593,true
1,1.5110004426837058,0.862588670758136,true
1,1.5176615317501736,0.8649618718820364,true
1,1.524337887188655,0.8672917617848098,true
1,1.5310289443099439,0.869579071082826,true
1,1.537734157229741,0.8718245268897712,true
1,1.544452998489635,0.8740288520845207,true
1,1.5511849586599884,0.8761927646369637,true
1,1.5579295459278866,0.8783169769895484,true
1,1.5646862856730632,0.8804021954922299,true
1,1.5714547200344864,0.8824491198884475,true
1,1.5782344074700565,0.8844584428497234,true
1,1.5850249223116508,0.8864308495564633,true
1,1.5918258543175423,0.888367017322547,true
1,1.5986368082240188,0.8902676152613159,true
1,1.6054574032978444,0.8921333039906048,true
1,1.6122872728910276,0.8939647353745046,true
1,1.619126063999194,0.8957625522996115,true
1,1.6259734368247118,0.8975273884835686,true
1,1.6328290643455705,0.8992598683137896,true
1,1.6396926318908844,0.9009606067143213,true
1,1.646563836723769,0.902630209038889,true
1,1.653442387632227,0.9042692709882407,true
1,1.6603280045285795,0.9058783785500026,true
1,1.667220418057879,0.9074581079593335,true
1,1.6741193692156655,0.9090090256787509,true
1,1.6810246089753418,0.9105316883955927,true
1,1.687935897925377,0.912026643035652,true
1,1.6948530059164881,0.9134944267916097,true
1,1.7017757117188912,0.914935567164968,true
1,1.7087038026896628,0.9163505820202607,true
1,1.7156370744502132,0.917739979650398,true
1,1.7225753305738283,0.9191042588520677,true
1,1.729518382283208,0.9204439090101894,true
1,1.7364660481578973,0.9217594101904807,true
1,1.743418153851478,0.9230512332392612,true
1,1.7503745318183737,0.9243198398896754,true
1,1.7573350210500955,0.9255656828735794,true
1,1.7642994668207423,0.9267892060383839,true
1,1.7712677204415581,0.9279908444682021,true
1,1.778239639024336,0.9291710246086995,true
1,1.7852150852534518,0.9303301643950843,true
1,1.7921939271663014,0.9314686733827275,true
1,1.7991760379419135,0.9325869528799348,true
1,1.8061612956975062,0.9336853960824364,true
1,1.813149583292751,0.9347643882091949,true
1,1.8201407881415124,0.9358243066391623,true
1,1.8271348020308227,0.9368655210486532,true
1,1.8341315209468674,0.937888393549028,true
1,1.841130844907741,0.9388932788244059,true
1,1.8481326778027514,0.9398805242691571,true
1,1.8551369272380431,0.9408504701249432,true
1,1.8621435043883228,0.9418034496170973,true
1,1.8691523238544645,0.9427397890901617,true
1,1.8761633035267877,0.9436598081424091,true
1,1.883176364453797,0.9445638197592033,true
1,1.8901914307161825,0.9454521304450596,true
1,1.8972084293058833,0.9463250403542904,true
1,1.904227290010024,0.94718284342013,true
1,1.9112479452995366,0.9480258274822446,true
1,1.9182703302222857,0.9488542744125492,true
1,1.925294382300526,0.9496684602392625,true
1,1.93232004143252,0.9504686552691364,true
1,1.9393472497981514,0.9512551242078157,true
1,1.946375951768378,0.9520281262782812,true
1,1.9534060938183697,0.9527879153373443,true
1,1.9604376244441832,0.9535347399901656,true
1,1.9674704940828345,0.954268843702777,true
1,1.9745046550356262,0.9549904649125923,true
1,1.981540061394604,0.9556998371368961,true
1,1.9885766689720095,0.9563971890793077,true
1,1.9956144352326108,0.9570827447342184,true
1,2.00265331922879,0.957756723489207,true
1,2.0096932815382775,0.9584193402254394,true
1,2.0167342842044205,0.9590708054160645,true
1,2.0237762906788848,0.9597113252226174,true
1,2.030819265766688,0.9603411015894482,true
1,2.0378631755734657,0.9609603323361935,true
1,2.0449079874548812,0.96156921124831,true
1,2.0519536699680887,0.9621679281656942,true
1,2.0590001928251627,0.9627566690694094,true
1,2.0660475268484157,0.9633356161665482,true
1,2.0730956439275237,0.9639049479732525,true
1,2.0801445169783825,0.9644648393959221,true
1,2.087194119903626,0.9650154618106377,true
1,2.094244427554735,0.965556983140828,true
1,2.1012954156956742,0.9660895679332093,true
1,2.1083470609679855,0.9666133774320296,true
1,2.1153993408572878,0.967128569651644,true
1,2.122452233661116,0.9676352994474557,true
1,2.1295057184580473,0.9681337185852508,true
1,2.136559775078064,0.9686239758089582,true
1,2.1436143840740933,0.9691062169068656,true
1,2.150669526694685,0.969580584776323,true
1,2.157725184857772,0.9700472194869635,true
1,2.1647813411254746,0.9705062583424716,true
1,2.1718379786799016,0.9709578359409314,true
1,2.178895081299907,0.9714020842337822,true
1,2.185952633338768,0.9718391325834128,true
1,2.1930106197027373,0.972269107819425,true
1,2.200069025830443,0.9726921342935925,true
1,2.2071278376730947,0.9731083339335469,true
1,2.2141870416754657,0.9735178262952188,true
1,2.2212466247576192,0.9739207286140598,true
1,2.2283065742973465,0.9743171558550763,true
1,2.2353668781132896,0.9747072207616997,true
1,2.242427524448721,0.9750910339035213,true
1,2.24948850195595,0.9754687037229169,true
1,2.256549799681336,0.975840336580589,true
1,2.263611407050877,0.9762060368000481,true
1,2.270673313856358,0.9765659067110636,true
1,2.2777355102420285,0.976920046692103,true
1,2.2847979866917942,0.9772685552117867,true
1,2.291860734016898,0.9776115288693817,true
1,2.2989237433440732,0.977949062434355,true
1,2.305987006104148,0.9782812488850114,true
1,2.313050514021083,0.9786081794462377,true
1,2.3201142591014294,0.9789299436263714,true
1,2.3271782336241813,0.9792466292532209,true
1,2.3342424301310167,0.979558322509252,true
1,2.341306841416904,0.9798651079659639,true
1,2.3483714605210646,0.980167068617474,true
1,2.3554362807182745,0.98046428591333,true
1,2.362501295510492,0.9807568397905695,true
1,2.3695664986188,0.9810448087050423,true
1,2.376631883975648,0.9813282696620184,true
1,2.383697445717386,0.9816072982460932,true
1,2.390763178177072,0.9818819686504124,true
1,2.3978290758775525,0.9821523537052291,true
1,2.4048951335247932,0.9824185249058128,true
1,2.411961346001461,0.9826805524397224,true
1,2.4190277083607414,0.9829385052134625,true
1,2.4260942158203824,0.9831924508785357,true
1,2.4331608637569597,0.9834424558569059,true
1,2.440227647700351,0.9836885853658879,true
1,2.4472945633284104,0.9839309034424764,true
1,2.4543616064618434,0.9841694729671286,true
1,2.461428773059262,0.9844043556870131,true
1,2.468496059212424,0.984635612238739,true
1,2.4755634611416424,0.9848633021705768,true
1,2.4826309751913644,0.9850874839641848,true
1,2.4896985978259076,0.9853082150558518,true
1,2.4967663256253503,0.9855255518572669,true
1,2.5038341552815715,0.9857395497758326,true
1,2.510902083594432,0.985950263234525,true
1,2.517970107468092,0.9861577456913185,true
1,2.525038223907462,0.9863620496581825,true
1,2.5321064300147786,0.9865632267196598,true
1,2.539174722986306,0.9867613275510392,true
1,2.5462431001091494,0.98695640193613,true
1,2.5533115587581876,0.987148498784649,true
1,2.5603800963931085,0.9873376661492289,true
1,2.567448710555555,0.987523951242057,true
1,2.574517398866367,0.9877074004511542,true
1,2.5815861590229257,0.987888059356301,true
1,2.5886549887965846,0.9880659727446198,true
1,2.595723886030197,0.9882411846258242,true
1,2.602792848635728,0.9884137382471366,true
1,2.609861874591947,0.9885836761078909,true
1,2.616930961942181,0.9887510399748689,true
1,2.6240001087922695,0.9889158708920421,true
1,2.6310693133083354,0.9890782092006891,true
1,2.638138573714892,0.9892380945484555,true
1,2.6452078882928847,0.9893955659035647,true
1,2.6522772553778258,0.9895506615676509,true
1,2.6593466733579967,0.9897034191883225,true
1,2.66641614067271,0.989853875771464,true
1,2.67348565581063,0.990002067693278,true
1,2.680555217308156,0.9901480307120739,true
1,2.687624823747854,0.9902917999798129,true
1,2.694694473756947,0.9904334100534116,true
1,2.7017641660058573,0.9905728949058094,true
1,2.708833899206794,0.9907102879368097,true
1,2.7159036721123937,0.990845621983693,true
1,2.722973483514403,0.9909789293316125,true
1,2.7300433322424102,0.9911102417237787,true
1,2.7371132171626162,0.9912395903714281,true
1,2.744183137176648,0.9913670059635946,true
1,2.7512530912204136,0.9914925186766784,true
1,2.7583230782629946,0.9916161581838171,true
1,2.765393097305575,0.991737953664071,true
1,2.7724631473804076,0.991857933811419,true
1,2.7795332275498144,0.9919761268435722,true
1,2.78660333690522,0.9920925605106115,true
1,2.7936734745662197,0.9922072621034489,true
1,2.800743639679674,0.9923202584621199,true
1,2.807813831418838,0.9924315759839095,true
1,2.814884048982518,0.9925412406313153,true
1,2.8219542915942553,0.9926492779398516,true
1,2.8290245585015374,0.9927557130256979,true
1,2.836094848975037,0.9928605705931961,true
1,2.8431651623078738,0.9929638749421981,true
1,2.850235497814902,0.9930656499752691,true
1,2.857305854832021,0.9931659192047477,true
1,2.8643762327155096,0.9932647057596676,true
1,2.87144663084138,0.9933620323925431,true
1,2.8785170486047558,0.9934579214860217,true
1,2.8855874854192667,0.993552395059407,true
1,2.8926579407164676,0.993645474775053,true
1,2.899728413945273,0.993737181944636,true
1,2.906798904571411,0.9938275375353022,true
1,2.9138694120768958,0.9939165621756988,true
1,2.9209399359595163,0.9940042761618865,true
1,2.928010475732343,0.9940906994631382,true
1,2.9350810309232473,0.9941758517276279,true
1,2.9421516010744413,0.9942597522880072,true
1,2.949222185742028,0.9943424201668781,true
1,2.95629278449557,0.994423874082159,true
1,2.9633633969176683,0.9945041324523496,true
1,2.970434022603557,0.9945832134016941,true
1,2.9775046611607103,0.9946611347652486,true
1,2.984575312208464,0.9947379140938502,true
1,2.991645975377645,0.9948135686589931,true
1,2.9987166503102167,0.9948881154576134,true
1,3.0,0.994901528452629,true
2,3.0,0.9949015284526289,true
2,2.9966945529224804,0.9948669084253993,true
2,2.989623881318125,0.9947920465433883,true
2,2.9825532215784363,0.9947160720617684,true
2,2.9754825740646,0.9946389679055675,true
2,2.9684119391490382,0.9945607167238962,true
2,2.96134131721577,0.9944813008851378,true
2,2.954270708660782,0.9944007024720445,true
2,2.9472001138924115,0.9943189032767412,true
2,2.9401295333317448,0.9942358847956314,true
2,2.9330589674130256,0.994151628224204,true
2,2.925988416584078,0.9940661144517404,true
2,2.9189178813067453,0.9939793240559178,true
2,2.9118473620573404,0.993891237297308,true
2,2.904776859327114,0.9938018341137674,true
2,2.897706373622737,0.993711094114718,true
2,2.8906359054668003,0.9936189965753165,true
2,2.8835654553983288,0.9935255204305075,true
2,2.8764950239733165,0.9934306442689597,true
2,2.8694246117652766,0.9933343463268828,true
2,2.8623542193658107,0.9932366044817218,true
2,2.855283847385199,0.9931373962457248,true
2,2.848213496453008,0.9930366987593842,true
2,2.8411431672187204,0.9929344887847457,true
2,2.834072860352386,0.9928307426985855,true
2,2.8270025765452953,0.9927254364854481,true
2,2.8199323165106738,0.9926185457305455,true
2,2.812862080984403,0.9925100456125138,true
2,2.805791870725765,0.9923999108960226,true
2,2.7987216865182107,0.9922881159242353,true
2,2.7916515291701565,0.9921746346111157,true
2,2.784581399515808,0.9920594404335801,true
2,2.7775112984160124,0.9919425064234857,true
2,2.7704412267591367,0.9918238051594607,true
2,2.7633711854619825,0.9917033087585607,true
2,2.756301175470727,0.9915809888677594,true
2,2.749231197761899,0.9914568166552605,true
2,2.742161253343388,0.9913307628016326,true
2,2.735091343255489,0.9912027974907585,true
2,2.7280214685719835,0.9910728904005998,true
2,2.720951630401256,0.9909410106937662,true
2,2.713881829887454,0.9908071270078911,true
2,2.706812068211684,0.9906712074458055,true
2,2.6997423465932524,0.990533219565505,true
2,2.6926726662909477,0.9903931303699086,true
2,2.68560302860437,0.9902509062963986,true
2,2.678533434875306,0.9901065132061441,true
2,2.6714638864891516,0.9899599163731962,true
2,2.6643943848763874,0.9898110804733523,true
2,2.657324931514104,0.9896599695727848,true
2,2.6502555279275826,0.9895065471164278,true
2,2.6431861756919313,0.9893507759161145,true
2,2.636116876433779,0.9891926181384638,true
2,2.629047631833032,0.9890320352925023,true
2,2.6219784436246907,0.9888689882170254,true
2,2.614909313600758,0.988703437066621,true
2,2.6078402436120904,0.9885353413026815,true
2,2.600771235570565,0.9883646596736847,true
2,2.593702291451077,0.9881913502055416,true
2,2.5866334132937308,0.9880153701865069,true
2,2.5795646032060873,0.9878366761528027,true
2,2.5724958633654933,0.9876552238739271,true
2,2.565427196021494,0.9874709683376417,true
2,2.5583586034983314,0.9872838637346284,true
2,2.5512900881975393,0.9870938634428097,true
2,2.5442216526006267,0.9869009200113225,true
2,2.5371532992718633,0.9867049851441368,true
2,2.5300850308611653,0.986506009683313,true
2,2.523016850107088,0.9863039435918852,true
2,2.515948759839928,0.986098735936365,true
2,2.5088807629849397,0.9858903348688538,true
2,2.5018128625656706,0.9856786876087555,true
2,2.49474506170742,0.9854637404240791,true
2,2.487677363640827,0.985245438612321,true
2,2.480609771705589,0.9850237264809166,true
2,2.473542289354323,0.9847985473272518,true
2,2.466474920156566,0.9845698434182206,true
2,2.459407667802929,0.9843375559693212,true
2,2.452340536109405,0.9841016251232754,true
2,2.4452735290218373,0.9838619899281634,true
2,2.4382066506205597,0.983618588315058,true
2,2.4311399051252076,0.9833713570751481,true
2,2.4240732968997123,0.9831202318363388,true
2,2.4170068304574865,0.9828651470393138,true
2,2.4099405104668037,0.9826060359130474,true
2,2.4028743417563825,0.9823428304497527,true
2,2.395808329321185,0.9820754613792503,true
2,2.388742478328437,0.9818038581427463,true
2,2.3816767941238752,0.9815279488659999,true
2,2.374611282238239,0.9812476603318709,true
2,2.367545948394006,0.9809629179522265,true
2,2.360480798512393,0.9806736457391948,true
2,2.3534158387206228,0.9803797662757482,true
2,2.3463510753594736,0.9800812006855971,true
2,2.3392865149911213,0.9797778686023813,true
2,2.3322221644072854,0.9794696881381373,true
2,2.3251580306376947,0.9791565758510259,true
2,2.3180941209588792,0.9788384467123016,true
2,2.3110304429033097,0.9785152140725025,true
2,2.303967004268893,0.9781867896268454,true
2,2.2969038131288415,0.9778530833798023,true
2,2.289840877841931,0.9775140036088398,true
2,2.2827782070631613,0.9771694568273029,true
2,2.2757158097548413,0.9768193477464163,true
2,2.268653695198112,0.9764635792363883,true
2,2.261591873004924,0.9761020522865893,true
2,2.2545303531304977,0.9757346659647871,true
2,2.247469145886274,0.9753613173754121,true
2,2.2404082619533865,0.9749819016168312,true
2,2.233347712396672,0.9745963117376052,true
2,2.226287508679243,0.9742044386917067,true
2,2.219227662677645,0.9738061712926703,true
2,2.2121681866976273,0.9734013961666538,true
2,2.205109093490549,0.972989997704381,true
2,2.1980503962704483,0.9725718580119412,true
2,2.1909921087318054,0.9721468568604196,true
2,2.1839342450680257,0.9717148716343276,true
2,2.176876819990676,0.9712757772788101,true
2,2.169819848749505,0.9708294462455983,true
2,2.1627633471532848,0.9703757484376793,true
2,2.1557073315915014,0.9699145511526563,true
2,2.1486518190569384,0.9694457190247686,true
2,2.141596827169189,0.9689691139655386,true
2,2.1345423741991354,0.9684845951030224,true
2,2.127488479094439,0.9679920187196287,true
2,2.1204351615060837,0.9674912381884769,true
2,2.1133824418160216,0.9669821039082647,true
2,2.1063303411659606,0.966464463236613,true
2,2.0992788814873533,0.9659381604218589,true
2,2.092228085532632,0.9654030365332655,true
2,2.085177976907746,0.9648589293896158,true
2,2.0781285801060605,0.9643056734861631,true
2,2.07107992054367,0.9637430999199059,true
2,2.064032024596194,0.9631710363131565,true
2,2.056984919637117,0.9625893067353749,true
2,2.0499386340777366,0.9619977316232385,true
2,2.042893197408794,0.961396127698918,true
2,2.0358486402438603,0.9607843078865327,true
2,2.028804994364548,0.9601620812267582,true
2,2.021762292767638,0.9595292527895601,true
2,2.014720569714192,0.9588856235850302,true
2,2.0076798607807493,0.958230990472299,true
2,2.0006402029126873,0.9575651460665086,true
2,1.993601634479846,0.9568878786438194,true
2,1.9865641953345126,0.9561989720444396,true
2,1.9795279268718653,0.955498205573657,true
2,1.9724928720929853,0.9547853539008633,true
2,1.965459075670546,0.9540601869565621,true
2,1.958426584017293,0.9533224698273519,true
2,1.9513954453574354,0.9525719626488823,true
2,1.9443657098010718,0.9518084204967865,true
2,1.937337429421779,0.9510315932755947,true
2,1.9303106583374974,0.9502412256056387,true
2,1.9232854527948535,0.9494370567079664,true
2,1.9162618712570596,0.9486188202872863,true
2,1.9092399744955437,0.9477862444129724,true
2,1.9022198256854619,0.9469390513981664,true
2,1.895201490505254,0.9460769576770185,true
2,1.8881850372404076,0.9451996736801243,true
2,1.8811705368916014,0.9443069037082147,true
2,1.8741580632874055,0.9433983458041759,true
2,1.8671476932017195,0.9424736916234799,true
2,1.8601395064761368,0.9415326263031228,true
2,1.8531335861474285,0.9405748283291794,true
2,1.8461300185803442,0.9395999694030969,true
2,1.8391288936059356,0.9386077143068661,true
2,1.83213030466561,0.9375977207672263,true
2,1.8251343489611291,0.9365696393190747,true
2,1.8181411276107684,0.9355231131682759,true
2,1.8111507458118636,0.934457778054081,true
2,1.8041633130099666,0.933373262111398,true
2,1.7971789430748428,0.9322691857331659,true
2,1.79019775448354,0.931145161433126,true
2,1.7832198705107631,0.9300007937093009,true
2,1.7762454194267912,0.9288356789085243,true
2,1.7692745347031678,0.9276494050924002,true
2,1.7623073552264032,0.9264415519051005,true
2,1.7553440255199169,0.9252116904434465,true
2,1.7483846959744493,0.9239593831297628,true
2,1.7414295230871661,0.9226841835880262,true
2,1.73447866970967,0.9213856365238863,true
2,1.7275323053051266,0.9200632776091701,true
2,1.7205906062147014,0.9187166333715416,true
2,1.713653755933487,0.9173452210900342,true
2,1.7067219453960878,0.9159485486972311,true
2,1.6997953732720064,0.9145261146889262,true
2,1.692874246270954,0.9130774080421609,true
2,1.6859587794581832,0.9116019081425923,true
2,1.6790491965799021,0.9100990847222216,true
2,1.6721457303988079,0.9085683978085719,true
2,1.66524862303972,0.9070092976864903,true
2,1.658358126345266,0.9054212248738096,true
2,1.6514745022415038,0.9038036101121955,true
2,1.6445980231133233,0.9021558743745758,true
2,1.6377289721893942,0.9004774288906351,true
2,1.6308676439363603,0.8987676751919407,true
2,1.6240143444619022,0.8970260051783453,true
2,1.6171693919262,0.8952518012074056,true
2,1.6103331169612354,0.8934444362086292,true
2,1.6035058630972643,0.891603273824456,true
2,1.5966879871956778,0.8897276685799542,true
2,1.589879859887345,0.8878169660832939,true
2,1.5830818660153931,0.8858705032591356,true
2,1.5762944050812409,0.8838876086171387,true
2,1.569517891692533,0.8818676025578572,true
2,1.562752756011469,0.8798097977183502,true
2,1.5559994442018281,0.8777134993598673,true
2,1.5492584188728098,0.875578005800016,true
2,1.542530159517604,0.8734026088918189,true
2,1.5358151629443935,0.8711865945520874,true
2,1.5291139436972743,0.8689292433415041,true
2,1.5224270344643431,0.8666298310987803,true
2,1.51575498646997,0.8642876296311804,true
2,1.5090983698480258,0.8619019074636197,true
2,1.5024577739925937,0.8594719306484186,true
2,1.4958338078824363,0.856996963637642,true
2,1.489227100375251,0.8544762702197565,true
2,1.4826383004674992,0.8519091145221149,true
2,1.4760680775153563,0.8492947620804963,true
2,1.469517121412112,0.8466324809766168,true
2,1.462986142717142,0.8439215430441588,true
2,1.456475872731381,0.8411612251434497,true
2,1.4499870635140786,0.8383508105044575,true
2,1.4435204878354888,0.8354895901372531,true
2,1.437076939060058,0.8325768643085134,true
2,1.4306572309546424,0.8296119440820258,true
2,1.4242621974162974,0.8265941529204773,true
2,1.4178926921142552,0.8235228283450953,true
2,1.411549588040848,0.8203973236489441,true
2,1.4052337769663572,0.8172170096588857,true
2,1.398946168793055,0.813981276540376,true
2,1.3926876908040937,0.8106895356384238,true
2,1.386459286803373,0.8073412213471661,true
2,1.3802619161430774,0.8039357929996537,true
2,1.374096552636254,0.8004727367685769,true
2,1.3679641833525527,0.7969515675678454,true
2,1.3618658072961274,0.7933718309441338,true
2,1.3558024339656478,0.7897331049467857,true
2,1.3497750817974183,0.7860350019638158,true
2,1.3437847764937387,0.7822771705111805,true
2,1.3378325492398326,0.7784592969620524,true
2,1.3319194348139383,0.7745811072025058,true
2,1.3260464695964536,0.7706423681998522,true
2,1.3202146894853615,0.7666428894698486,true
2,1.314425127726486,0.7625825244291662,true
2,1.308678812668453,0.7584611716198496,true
2,1.3029767654534936,0.7542787757930344,true
2,1.297319997656441,0.750035328839922,true
2,1.2917095088853776,0.7457308705589386,true
2,1.286146284358389,0.7413654892491196,true
2,1.280631292471728,0.7369393221210593,true
2,1.2751654823753826,0.7324525555182344,true
2,1.269749781572541,0.7279054249431172,true
2,1.2643850935597376,0.723298214884244,true
2,1.2590722955245555,0.7186312584422383,true
2,1.2538122361175994,0.7139049367547109,true
2,1.2486057333150904,0.7091196782219025,true
2,1.2434535723878155,0.7042759575369003,true
2,1.2383565039913402,0.699374294526186,true
2,1.2333152423913443,0.6944152528081405,true
2,1.2283304638367047,0.6893994382788966,true
2,1.2234028050915249,0.684327497436579,true
2,1.218532862135751,0.6792001155564483,true
2,1.2137211890423187,0.6740180147307702,true
2,1.2089682970369895,0.6687819517883383,true
2,1.2042746537452,0.6634927161094517,true
2,1.1996406826283728,0.6581511273528129,true
2,1.1950667626102736,0.6527580331112289,true
2,1.1905532278921855,0.6473143065131864,true
2,1.1861003679539044,0.6418208437873354,true
2,1.181708427735909,0.6362785618066557,true
2,1.177377607996523,0.6306883956286183,true
2,1.1731080658364845,0.6250512960470109,true
2,1.1688999153821034,0.6193682271702731,true
2,1.1647532286171207,0.6136401640402437,true
2,1.1606680363524877,0.6078680903041377,true
2,1.1566443293225812,0.6020529959514053,true
2,1.1526820593958331,0.5961958751258944,true
2,1.1487811408874111,0.5902977240224536,true
2,1.1449414519614052,0.5843595388758123,true
2,1.141162836109944,0.5783823140482852,true
2,1.1374451036968118,0.5723670402215625,true
2,1.1337880335533794,0.5663147026966151,true
2,1.1301913746150496,0.5602262798045641,true
2,1.1266548475869125,0.5541027414302365,true
2,1.1231781466278492,0.5479450476491059,true
2,1.1197609410429905,0.5417541474773444,true
2,1.116402876975111,0.5355309777338566,true
2,1.1131035790862769,0.5292764620123932,true
2,1.1098626522218322,0.5229915097611505,true
2,1.1066796830495669,0.5166770154666886,true
2,1.1035542416676887,0.5103338579384931,true
2,1.1004858831759778,0.5039628996901001,true
2,1.097474149205254,0.4975649864123744,true
2,1.0945185694009891,0.4911409465342812,true
2,1.0916186628576001,0.4846915908663104,true
2,1.0887739395005913,0.47821771232160326,true
2,1.0859839014143309,0.4717200857097675,true
2,1.083248044113807,0.4651994675983734,true
2,1.0805658577592308,0.4586565962371581,true
2,1.0779368283128279,0.45209219154005276,true
2,1.0753604386375901,0.4455069551202615,true
2,1.072836169538139,0.43890157037376487,true
2,1.070363500744202,0.43227670260679085,true
2,1.0679419118374993,0.4256329992029769,true
2,1.0655708831230915,0.4189710898261527,true
2,1.0632498964464765,0.4122915866548762,true
2,1.0609784359578986,0.4055950846450753,true
2,1.0587559888254918,0.3988821618173678,true
2,1.0565820458990125,0.392153379565846,true
2,1.0544561023260015,0.38540928298533955,true
2,1.0523776581223023,0.37865040121437743,true
2,1.0503462186989072,0.371877247791286,true
2,1.0483612953471328,0.3650903210210577,true
2,1.0464224056841496,0.35829010435082737,true
2,1.0445290740608815,0.3514770667519754,true
2,1.0426808319342769,0.3446516631070612,true
2,1.040877218205936,0.33781433459995625,true
2,1.0391177795290307,0.3309655091077099,true
2,1.0374020705854214,0.32410560159283014,true
2,1.0357296543348191,0.31723501449480435,true
2,1.0341001022377843,0.3103541381198171,true
2,1.0325129944542994,0.30346335102774497,true
2,1.0309679200195812,0.2965630204156232,true
2,1.0294644769987424,0.2896535024968837,true
2,1.0280022726218379,0.28273514287576224,true
2,1.0265809234007632,0.27580827691636206,true
2,1.0252000552294127,0.2688732301059428,true
2,1.0238593034684245,0.2619303184120787,true
2,1.0225583130157851,0.25497984863339945,true
2,1.021296738364489,0.24802211874368738,true
2,1.0200742436483943,0.2410574182291625,true
2,1.0188905026773438,0.23408602841883783,true
2,1.017745198962566,0.22710822280787252,true
2,1.0166380257333103,0.22012426737389082,true
2,1.0155686859456072,0.2131344208862752,true
2,1.0145368922840043,0.20613893520847038,true
2,1.0135423671570591,0.19913805559336786,true
2,1.0125848426873325,0.19213202097186524,true
2,1.0116640606965734,0.18512106423471708,true
2,1.0107797726867396,0.17810541250781595,true
2,1.00993173981746,0.17108528742105802,true
2,1.0091197328804964,0.16406090537096493,true
2,1.008343532271731,0.1570324777772458,true
2,1.0076029279611625,0.15000021133349575,true
2,1.0068977194613646,0.14296430825223658,true
2,1.0062277157948252,0.13592496650451394,true
2,1.0055927354605476,0.12888238005427335,true
2,1.0049926064002819,0.12183673908774215,true
2,1.0044271659647066,0.1147882302380503,true
2,1.0038962608798714,0.10773703680532722,true
2,1.0033997472141782,0.10068333897251451,true
2,1.0029374903461574,0.0936273140171379,true
2,1.002509364933273,0.08656913651928322,true
2,1.0021152548819747,0.07950897856602297,true
2,1.0017550533191852,0.07244700995254182,true
2,1.0014286625654067,0.06538339838020904,true
2,1.0011359941095992,0.05831830965184771,true
2,1.000876968585977,0.05125190786444976,true
2,1.0006515157528482,0.04418435559958705,true
2,1.0004595744736104,0.037115814111767696,true
2,1.0003010926999993,0.030046443514987687,true
2,1.0001760274576743,0.022976402967727044,true
2,1.0000843448342096,0.015905850856639935,true
2,1.000026019969552,0.008834944979187721,true
2,1.0000010370489893,0.001763842725464037,true
2,1.0000093892986575,-0.005307298740539474,true
2,1.0000510789836163,-0.012378322299872548,true
2,1.000126117285574,-0.019449061222258875,true
2,1.000219253573996,-0.025641786509495217,true
2,1.0003000176191343,-0.029992783620810506,true
2,1.0003626018366423,-0.03297113744194827,true
2,1.0004088653813252,-0.03500991234932454,true
2,1.0004421392182177,-0.036405531229463536,true
2,1.0004813407617348,-0.037983839221726455,true
2,1.0013661882369678,-0.03867956690213283,true
2,1.0008661882369678,3.8963515573697816e-19,false
2,1.000000019729599,-0.00024324261206560576,true
2,1.0000005112064674,-0.001238393309623501,true
2,1.0000022517739506,-0.002599095052413256,true
2,1.0000070130129832,-0.004586804707390086,true
2,1.0000187028420235,-0.007490437821649037,true
2,1.0000458838423603,-0.011732018756079118,true
2,1.0001071579682523,-0.017927964389593598,true
2,1.000208384422146,-0.02499837690044696,true
2,1.0003430023814937,-0.03206824205421451,true
2,1.0005110482363928,-0.039137391827730544,true
2,1.0007125675548427,-0.046205666807955084,true
2,1.0009476149826464,-0.05327290657367571,true
2,1.001216254258501,-0.06033894950998697,true
2,1.0015185582314015,-0.06740363262124803,true
2,1.0018546088802731,-0.07446679134216427,true
2,1.0022244973357286,-0.08152825934674277,true
2,1.0026283239038318,-0.08858786835487234,true
2,1.0030661980917428,-0.0956454479362781,true
2,1.0035382386350924,-0.10270082531160132,true
2,1.004044573526922,-0.10975382515035531,true
2,1.0045853400480096,-0.11680426936550897,true
2,1.0051606847983825,-0.12385197690445032,true
2,1.0057707637297928,-0.13089676353608393,true
2,1.0064157421789164,-0.13793844163381783,true
2,1.0070957949010169,-0.14497681995419703,true
2,1.0078111061037793,-0.1520117034109454,true
2,1.0085618694810103,-0.1590428928441788,true
2,1.009348288245861,-0.16607018478455932,true
2,1.0101705751632106,-0.1730933712121632,true
2,1.0110289525808123,-0.18011223930984388,true
2,1.0119236524587736,-0.18712657121087733,true
2,1.012854916396914,-0.19413614374068644,true
2,1.013822995659499,-0.2011407281524518,true
2,1.0148281511968202,-0.20814008985642823,true
2,1.0158706536630469,-0.21513398814280016,true
2,1.0169507834297327,-0.22212217589792513,true
2,1.0180688305943242,-0.229104399313834,true
2,1.0192250949829589,-0.2360803975908758,true
2,1.0204198861468043,-0.24304990263342074,true
2,1.0216535233511321,-0.25001263873856094,true
2,1.0229263355562717,-0.256968322277778,true
2,1.0242386613895287,-0.2639166613715831,true
2,1.0255908491071002,-0.2708573555571705,true
2,1.026983256544956,-0.27779009544916994,true
2,1.0284162510575938,-0.2847145623936302,true
2,1.0298902094435192,-0.2916304281154172,true
2,1.0314055178562223,-0.2985373543592701,true
2,1.032962571699373,-0.30543499252482187,true
2,1.0345617755048775,-0.3123229832959597,true
2,1.036203542792377,-0.31920095626498024,true
2,1.0378882959086957,-0.32606852955207666,true
2,1.0396164658456863,-0.3329253094207871,true
2,1.0413884920348462,-0.3397708898901339,true
2,1.0432048221170158,-0.34660485234429117,true
2,1.0450659116854066,-0.3534267651407348,true
2,1.0469722240001547,-0.36023618321795364,true
2,1.048924229672525,-0.3670326477039394,true
2,1.0509224063168665,-0.3738156855268108,true
2,1.0529672381683537,-0.38058480902908853,true
2,1.0550592156645304,-0.3873395155872958,true
2,1.0571988349886494,-0.39407928723873387,true
2,1.0593865975727856,-0.40080359031746343,true
2,1.0616230095587034,-0.4075118751017137,true
2,1.0639085812144855,-0.4142035754751391,true
2,1.0662438263049585,-0.42087810860454805,true
2,1.068629261414017,-0.4275348746369416,true
2,1.0710654052170172,-0.4341732564189147,true
2,1.0735527777015355,-0.4407926192416916,true
2,1.0760918993348956,-0.4473923106152894,true
2,1.07868329017706,-0.4539716600755178,true
2,1.0813274689376584,-0.46052997902774334,true
2,1.0840249519761676,-0.46706656063154756,true
2,1.0867762522445272,-0.4735806797306099,true
2,1.0895818781717936,-0.48007159283232015,true
2,1.0924423324907715,-0.4865385381417962,true
2,1.0953581110069786,-0.49298073565510947,true
2,1.098329701310732,-0.4993973873166347,true
2,1.101357581433631,-0.5057876772455092,true
2,1.1044422184512483,-0.5121507720362187,true
2,1.1075840670344168,-0.5184858211383083,true
2,1.1107835679521179,-0.5247919573201446,true
2,1.1140411465296394,-0.5310682972215253,true
2,1.117357211066359,-0.5373139419997331,true
2,1.1207321512182469,-0.5435279780733556,true
2,1.124166336350913,-0.549709477967846,true
2,1.1276601138698075,-0.5558575012663617,true
2,1.131213807534942,-0.5619710956688975,true
2,1.1348277157682725,-0.5680492981621128,true
2,1.1385021099626382,-0.5740911363015484,true
2,1.142237232801872,-0.5800956296071256,true
2,1.146033296602377,-0.5860617910719305,true
2,1.1498904816870867,-0.5919886287833029,true
2,1.1538089348032738,-0.5978751476541918,true
2,1.1577887675961207,-0.603720351261596,true
2,1.1618300551503264,-0.6095232437877146,true
2,1.1659328346122322,-0.6152828320581816,true
2,1.1700971039050485,-0.6209981276704677,true
2,1.174322820549696,-0.6266681492042451,true
2,1.1786099006035422,-0.6322919245041998,true
2,1.1829582177289197,-0.6378684930245215,true
2,1.187367602402728,-0.643396908223072,true
2,1.1918378412776631,-0.6488762399920927,true
2,1.1963686767046755,-0.6543055771112702,true
2,1.2009598064251366,-0.6596840297080618,true
2,1.2056108834399142,-0.665010731709406,true
2,1.2103215160611158,-0.6702848432683614,true
2,1.2150912681506827,-0.6755055531487951,true
2,1.2199196595483346,-0.6806720810510621,true
2,1.2248061666895844,-0.6857836798616257,true
2,1.229750223412702,-0.690839637809839,true
2,1.234751221951647,-0.6958392805155849,true
2,1.2398085141101163,-0.7007819729121982,true
2,1.2449214126100265,-0.7056671210300429,true
2,1.2500891926059972,-0.7104941736272683,true
2,1.2553110933557288,-0.7152626236556391,true
2,1.2605863200346574,-0.7199720095508528,true
2,1.2659140456818856,-0.7246219163384481,true
2,1.2712934132632112,-0.7292119765482032,true
2,1.2767235378360868,-0.7337418709318159,true
2,1.2822035088005754,-0.7382113289805894,true
2,1.2877323922198278,-0.7426201292418206,true
2,1.2933092331932918,-0.7469680994345227,true
2,1.298933058265788,-0.7512551163670136,true
2,1.3046028778557242,-0.7554811056607209,true
2,1.3103176886860801,-0.7596460412862567,true
2,1.3160764762023505,-0.7637499449193912,true
2,1.3218782169623633,-0.767792885125978,true
2,1.3277218809837958,-0.7717749763861214,true
2,1.3336064340362326,-0.7756963779689481,true
2,1.3395308398657542,-0.7795572926702126,true
2,1.345494062341274,-0.7833579654256418,true
2,1.351495067513128,-0.7870986818134048,true
2,1.3575328255757377,-0.7907797664593883,true
2,1.3636063127275109,-0.7944015813590648,true
2,1.3697145129224577,-0.7979645241296849,true
2,1.3758564195092975,-0.8014690262063038,true
2,1.3820310367550765,-0.8049155509947981,true
2,1.3882373812514972,-0.8083045919945464,true
2,1.394474483203267,-0.8116366709028607,true
2,1.4007413875988033,-0.814912335712572,true
2,1.407037155264552,-0.8181321588134396,true
2,1.4133608638050255,-0.8212967351072352,true
2,1.4197116084313934,-0.8244066801455319,true
2,1.4260885026821033,-0.8274626282983538,true
2,1.432490679039547,-0.8304652309609875,true
2,1.4389172894472406,-0.833415154805379,true
2,1.4453675057323343,-0.8363130800817086,true
2,1.4518405199385533,-0.8391596989749001,true
2,1.4583355445748534,-0.8419557140200402,true
2,1.4648518127852037,-0.8447018365799301,true
2,1.4713885784449645,-0.8473987853872884,true
2,1.477945116189324,-0.8500472851534646,true
2,1.4845207213792098,-0.8526480652449168,true
2,1.4911147100099877,-0.8552018584281535,true
2,1.497726418568133,-0.8577093996833322,true
2,1.5043552038408838,-0.8601714250862593,true
2,1.5110004426837058,-0.862588670758136,true
2,1.5176615317501736,-0.8649618718820364,true
2,1.524337887188655,-0.8672917617848098,true
2,1.5310289443099439,-0.869579071082826,true
2,1.537734157229741,-0.8718245268897712,true
2,1.544452998489635,-0.8740288520845207,true
2,1.5511849586599884,-0.8761927646369637,true
2,1.5579295459278866,-0.8783169769895484,true
2,1.5646862856730632,-0.8804021954922299,true
2,1.5714547200344864,-0.8824491198884475,true
2,1.5782344074700565,-0.8844584428497234,true
2,1.5850249223116508,-0.8864308495564633,true
2,1.5918258543175423,-0.888367017322547,true
2,1.5986368082240188,-0.8902676152613159,true
2,1.6054574032978444,-0.8921333039906048,true
2,1.6122872728910276,-0.8939647353745046,true
2,1.619126063999194,-0.8957625522996115,true
2,1.6259734368247118,-0.8975273884835686,true
2,1.6328290643455705,-0.8992598683137896,true
2,1.6396926318908844,-0.9009606067143213,true
2,1.646563836723769,-0.902630209038889,true
2,1.653442387632227,-0.9042692709882407,true
2,1.6603280045285795,-0.9058783785500026,true
2,1.667220418057879,-0.9074581079593335,true
2,1.6741193692156655,-0.9090090256787509,true
2,1.6810246089753418,-0.9105316883955927,true
2,1.687935897925377,-0.912026643035652,true
2,1.6948530059164881,-0.9134944267916097,true
2,1.7017757117188912,-0.914935567164968,true
2,1.7087038026896628,-0.9163505820202607,true
2,1.7156370744502132,-0.917739979650398,true
2,1.7225753305738283,-0.9191042588520677,true
2,1.729518382283208,-0.9204439090101894,true
2,1.7364660481578973,-0.9217594101904807,true
2,1.743418153851478,-0.9230512332392612,true
2,1.7503745318183737,-0.9243198398896754,true
2,1.7573350210500955,-0.9255656828735794,true
2,1.7642994668207423,-0.9267892060383839,true
2,1.7712677204415581,-0.9279908444682021,true
2,1.778239639024336,-0.9291710246086995,true
2,1.7852150852534518,-0.9303301643950843,true
2,1.7921939271663014,-0.9314686733827275,true
2,1.7991760379419135,-0.9325869528799348,true
2,1.8061612956975062,-0.9336853960824364,true
2,1.813149583292751,-0.9347643882091949,true
2,1.8201407881415124,-0.9358243066391623,true
2,1.8271348020308227,-0.9368655210486532,true
2,1.8341315209468674,-0.937888393549028,true
2,1.841130844907741,-0.9388932788244059,true
2,1.8481326778027514,-0.9398805242691571,true
2,1.8551369272380431,-0.9408504701249432,true
2,1.8621435043883228,-0.9418034496170973,true
2,1.8691523238544645,-0.9427397890901617,true
2,1.8761633035267877,-0.9436598081424091,true
2,1.883176364453797,-0.9445638197592033,true
2,1.8901914307161825,-0.9454521304450596,true
2,1.8972084293058833,-0.9463250403542904,true
2,1.904227290010024,-0.94718284342013,true
2,1.9112479452995366,-0.9480258274822446,true
2,1.9182703302222857,-0.9488542744125492,true
2,1.925294382300526,-0.9496684602392625,true
2,1.93232004143252,-0.9504686552691364,true
2,1.9393472497981514,-0.9512551242078157,true
2,1.946375951768378,-0.9520281262782812,true
2,1.9534060938183697,-0.9527879153373443,true
2,1.9604376244441832,-0.9535347399901656,true
2,1.9674704940828345,-0.954268843702777,true
2,1.9745046550356262,-0.9549904649125923,true
2,1.981540061394604,-0.9556998371368961,true
2,1.9885766689720095,-0.9563971890793077,true
2,1.9956144352326108,-0.9570827447342184,true
2,2.00265331922879,-0.957756723489207,true
2,2.0096932815382775,-0.9584193402254394,true
2,2.0167342842044205,-0.9590708054160645,true
2,2.0237762906788848,-0.9597113252226174,true
2,2.030819265766688,-0.9603411015894482,true
2,2.0378631755734657,-0.9609603323361935,true
2,2.0449079874548812,-0.96156921124831,true
2,2.0519536699680887,-0.9621679281656942,true
2,2.0590001928251627,-0.9627566690694094,true
2,2.0660475268484157,-0.9633356161665482,true
2,2.0730956439275237,-0.9639049479732525,true
2,2.0801445169783825,-0.9644648393959221,true
2,2.087194119903626,-0.9650154618106377,true
2,2.094244427554735,-0.965556983140828,true
2,2.1012954156956742,-0.9660895679332093,true
2,2.1083470609679855,-0.9666133774320296,true
2,2.1153993408572878,-0.967128569651644,true
2,2.122452233661116,-0.9676352994474557,true
2,2.1295057184580473,-0.9681337185852508,true
2,2.136559775078064,-0.9686239758089582,true
2,2.1436143840740933,-0.9691062169068656,true
2,2.150669526694685,-0.969580584776323,true
2,2.157725184857772,-0.9700472194869635,true
2,2.1647813411254746,-0.9705062583424716,true
2,2.1718379786799016,-0.9709578359409314,true
2,2.178895081299907,-0.9714020842337822,true
2,2.185952633338768,-0.9718391325834128,true
2,2.1930106197027373,-0.972269107819425,true
2,2.200069025830443,-0.9726921342935925,true
2,2.2071278376730947,-0.9731083339335469,true
2,2.2141870416754657,-0.9735178262952188,true
2,2.2212466247576192,-0.9739207286140598,true
2,2.2283065742973465,-0.9743171558550763,true
2,2.2353668781132896,-0.9747072207616997,true
2,2.242427524448721,-0.9750910339035213,true
2,2.24948850195595,-0.9754687037229169,true
2,2.256549799681336,-0.975840336580589,true
2,2.263611407050877,-0.9762060368000481,true
2,2.270673313856358,-0.9765659067110636,true
2,2.2777355102420285,-0.976920046692103,true
2,2.2847979866917942,-0.9772685552117867,true
2,2.291860734016898,-0.9776115288693817,true
2,2.2989237433440732,-0.977949062434355,true
2,2.305987006104148,-0.9782812488850114,true
2,2.313050514021083,-0.9786081794462377,true
2,2.3201142591014294,-0.9789299436263714,true
2,2.3271782336241813,-0.9792466292532209,true
2,2.3342424301310167,-0.979558322509252,true
2,2.341306841416904,-0.9798651079659639,true
2,2.3483714605210646,-0.980167068617474,true
2,2.3554362807182745,-0.98046428591333,true
2,2.362501295510492,-0.9807568397905695,true
2,2.3695664986188,-0.9810448087050423,true
2,2.376631883975648,-0.9813282696620184,true
2,2.383697445717386,-0.9816072982460932,true
2,2.390763178177072,-0.9818819686504124,true
2,2.3978290758775525,-0.9821523537052291,true
2,2.4048951335247932,-0.9824185249058128,true
2,2.411961346001461,-0.9826805524397224,true
2,2.4190277083607414,-0.9829385052134625,true
2,2.4260942158203824,-0.9831924508785357,true
2,2.4331608637569597,-0.9834424558569059,true
2,2.440227647700351,-0.9836885853658879,true
2,2.4472945633284104,-0.9839309034424764,true
2,2.4543616064618434,-0.9841694729671286,true
2,2.461428773059262,-0.9844043556870131,true
2,2.468496059212424,-0.984635612238739,true
2,2.4755634611416424,-0.9848633021705768,true
2,2.4826309751913644,-0.9850874839641848,true
2,2.4896985978259076,-0.9853082150558518,true
2,2.4967663256253503,-0.9855255518572669,true
2,2.5038341552815715,-0.9857395497758326,true
2,2.510902083594432,-0.985950263234525,true
2,2.517970107468092,-0.9861577456913185,true
2,2.525038223907462,-0.9863620496581825,true
2,2.5321064300147786,-0.9865632267196598,true
2,2.539174722986306,-0.9867613275510392,true
2,2.5462431001091494,-0.98695640193613,true
2,2.5533115587581876,-0.987148498784649,true
2,2.5603800963931085,-0.9873376661492289,true
2,2.567448710555555,-0.987523951242057,true
2,2.574517398866367,-0.9877074004511542,true
2,2.5815861590229257,-0.987888059356301,true
2,2.5886549887965846,-0.9880659727446198,true
2,2.595723886030197,-0.9882411846258242,true
2,2.602792848635728,-0.9884137382471366,true
2,2.609861874591947,-0.9885836761078909,true
2,2.616930961942181,-0.9887510399748689,true
2,2.6240001087922695,-0.9889158708920421,true
2,2.6310693133083354,-0.9890782092006891,true
2,2.638138573714892,-0.9892380945484555,true
2,2.6452078882928847,-0.9893955659035647,true
2,2.6522772553778258,-0.9895506615676509,true
2,2.6593466733579967,-0.9897034191883225,true
2,2.66641614067271,-0.989853875771464,true
2,2.67348565581063,-0.990002067693278,true
2,2.680555217308156,-0.9901480307120739,true
2,2.687624823747854,-0.9902917999798129,true
2,2.694694473756947,-0.9904334100534116,true
2,2.7017641660058573,-0.9905728949058094,true
2,2.708833899206794,-0.9907102879368097,true
2,2.7159036721123937,-0.990845621983693,true
2,2.722973483514403,-0.9909789293316125,true
2,2.7300433322424102,-0.9911102417237787,true
2,2.7371132171626162,-0.9912395903714281,true
2,2.744183137176648,-0.9913670059635946,true
2,2.7512530912204136,-0.9914925186766784,true
2,2.7583230782629946,-0.9916161581838171,true
2,2.765393097305575,-0.991737953664071,true
2,2.7724631473804076,-0.991857933811419,true
2,2.7795332275498144,-0.9919761268435722,true
2,2.78660333690522,-0.9920925605106115,true
2,2.7936734745662197,-0.9922072621034489,true
2,2.800743639679674,-0.9923202584621199,true
2,2.807813831418838,-0.9924315759839095,true
2,2.814884048982518,-0.9925412406313153,true
2,2.8219542915942553,-0.9926492779398516,true
2,2.8290245585015374,-0.9927557130256979,true
2,2.836094848975037,-0.9928605705931961,true
2,2.8431651623078738,-0.9929638749421981,true
2,2.850235497814902,-0.9930656499752691,true
2,2.857305854832021,-0.9931659192047477,true
2,2.8643762327155096,-0.9932647057596676,true
2,2.87144663084138,-0.9933620323925431,true
2,2.8785170486047558,-0.9934579214860217,true
2,2.8855874854192667,-0.993552395059407,true
2,2.8926579407164676,-0.993645474775053,true
2,2.899728413945273,-0.993737181944636,true
2,2.906798904571411,-0.9938275375353022,true
2,2.9138694120768958,-0.9939165621756988,true
2,2.9209399359595163,-0.9940042761618865,true
2,2.928010475732343,-0.9940906994631382,true
2,2.9350810309232473,-0.9941758517276279,true
2,2.9421516010744413,-0.9942597522880072,true
2,2.949222185742028,-0.9943424201668781,true
2,2.95629278449557,-0.994423874082159,true
2,2.9633633969176683,-0.9945041324523496,true
2,2.970434022603557,-0.9945832134016941,true
2,2.9775046611607103,-0.9946611347652486,true
2,2.984575312208464,-0.9947379140938502,true
2,2.991645975377645,-0.9948135686589931,true
2,2.9987166503102167,-0.9948881154576134,true
2,3.0,-0.994901528452629,true
