branch,u,C,B,T,stable
0,1.3,0.08211632423656755,0.02084045294557235,0.034186699852936354,false
0,1.2952910102450474,0.08197162931867237,0.021109115194480107,0.03413916584412475,false
0,1.2884638853686678,0.08175948477776905,0.02150571553902196,0.03406844252316979,false
0,1.2816488962416317,0.08154495516963857,0.0219101585039928,0.03399563203329982,false
0,1.2748466759136188,0.08132811766763365,0.022322557868282786,0.03392066150026186,false
0,1.2680578872788446,0.08110906220666093,0.022743021796016092,0.033843455329057734,false
0,1.2612832235141653,0.08088789269521648,0.0231716517130778,0.033763935170894446,false
0,1.254523408303931,0.08066472831401533,0.023608541050878683,0.033682019907826204,false
0,1.2477791958006157,0.08043970490213578,0.024053773845456893,0.03359762565928452,false
0,1.2410513702617563,0.08021297643032596,0.0245074231794188,0.033510665815407,false
0,1.2343407452964321,0.07998471655937976,0.02496954945496115,0.03342105110245693,false
0,1.2276481626427869,0.07975512027907423,0.025440198485188064,0.03332868968694054,false
0,1.220974490390394,0.0795244056209869,0.025919399392811262,0.03323348732514291,false
0,1.2143206205487689,0.07929281543468471,0.02640716230544937,0.033135347566213925,false
0,1.207687465854212,0.07906061921392354,0.026903475838928288,0.03303417201719167,false
0,1.2010759556971755,0.07882811495437836,0.027408304362966353,0.03292986067916304,false
0,1.1944870310402678,0.0785956310204571,0.027921585044954435,0.03282231236477068,false
0,1.1879216381940818,0.07836352799314683,0.028443224674675843,0.0327114252066881,false
0,1.1813807213109637,0.07813220046560852,0.02897309627657466,0.03259709726724422,false
0,1.1748652134523436,0.07790207874771037,0.029511035521286182,0.03247922725953871,false
0,1.1683760261023888,0.07767363043573292,0.030056836961436455,0.03235771538720218,false
0,1.1619140369961587,0.07744736179883206,0.030610250117729405,0.03223246431134477,false
0,1.1554800761691992,0.07722381893090466,0.031170975459331913,0.03210338024748583,false
0,1.1490749101607127,0.07700358861643371,0.03173866032768092,0.03197037419333186,false
0,1.1426992243519902,0.07678729885937471,0.032312894866020625,0.031833363283050926,false
0,1.1363536034893271,0.07657561903348743,0.032893208029600496,0.03169227225530151,false
0,1.130038513764748,0.07636925767295483,0.03347906467753993,0.03154703540902373,false
0,1.1237546354931978,0.07616897969061101,0.034069823022966725,0.03139760629815997,false
0,1.1214699072287835,0.07609758478234405,0.03428643751596446,0.03134203663798774,false
0,1.115227964213574,0.07590686496574028,0.03488286370954679,0.031186797651501404,false
0,1.109016909068595,0.07572414581341828,0.035482506894893615,0.03102727904551381,false
0,1.1028363993902834,0.07555030412985951,0.03608451017584062,0.030863473920427348,false
0,1.0966858457347277,0.07538625017182866,0.036687937264926064,0.030695392968633876,false
0,1.0905643919225534,0.07523292584254614,0.03729177142430911,0.030523065571289226,false
0,1.0844708993523071,0.07509130328549046,0.03789491491774823,0.030346540547902548,false
0,1.078403936947843,0.07496238422514521,0.03849618887342322,0.03016588646463605,false
0,1.0723617785845094,0.07484720046919767,0.03909433338949293,0.029981191407547337,false
0,1.0663424100883037,0.07474681605555143,0.03968800764315894,0.029792562127956626,false
0,1.0603435481320433,0.07466233159153118,0.040275789678214026,0.02960012247553773,false
0,1.0543626736644809,0.07459489139670002,0.040856175466139046,0.029404011040912302,false
0,1.0483970828595435,0.07454569411810053,0.04142757674662795,0.029204377941812503,false
0,1.0424439590932038,0.07451600755325694,0.04198831706256378,0.029001380696348292,false
0,1.0365004700064266,0.07450718841086819,0.042536625339887814,0.028795179153842814,false
0,1.03056392026917,0.07452071034399163,0.04307063024450267,0.028585926991435088,false
0,1.0246318255077156,0.07455818905764879,0.04358833045664769,0.028373773464488394,false
0,1.0187022502484397,0.07462143019076947,0.044087599410723266,0.028158843440832786,false
0,1.0127740000983274,0.07471247402526073,0.04456614497511578,0.027941235741968783,false
0,1.0068469866294638,0.07483365329580989,0.04502148137170003,0.02772101188440227,false
0,1.0009226730037013,0.07498765919790573,0.045450889529640916,0.027498186115404503,false
0,0.995004649365567,0.07517761448766014,0.04585136958323944,0.027272715763736088,false
0,0.9890993768030424,0.07540714914993793,0.0462195869051436,0.02704449310313741,false
0,0.9832171443233731,0.075680468853418,0.04655181608647627,0.02681334077712469,false
0,0.9773732789437627,0.07600239738800585,0.04684389293653265,0.026579014109304765,false
0,0.9715896184250981,0.07637836005425933,0.04709119433626446,0.026341215312409048,false
0,0.9658961690794113,0.07681425546576243,0.04728868081016333,0.026099626292731156,false
0,0.9603326822455833,0.07731614348905472,0.04743105561641817,0.025853967014839448,false
0,0.9549495556780164,0.07788967424613769,0.04751310795165673,0.02560408215528934,false
0,0.9498070578509793,0.07853923207456782,0.047530292880919096,0.025350045798499317,false
0,0.9449716920449601,0.07926690634566444,0.0474795212965496,0.025092251617611673,false
0,0.9405091504802942,0.0800716055294256,0.047359979166701725,0.024831436960961302,false
0,0.936475072651536,0.08094874846080889,0.04717364937058578,0.024568600373145115,false
0,0.9329067657772668,0.08189079603390707,0.046925239649312986,0.024304825750133586,false
0,0.9298192148375392,0.08288845881406272,0.046621491152960916,0.024041085836644847,false
0,0.9272064899847272,0.08393207785359248,0.04627015715681992,0.023778106120453314,false
0,0.9250469526882839,0.08501270345995687,0.04587903785739583,0.023516322709819848,false
0,0.9233096625719882,0.08612267605119457,0.04545531494922313,0.023255915544882204,false
0,0.9219595527292888,0.08725578163390754,0.04500522052574877,0.02299687601348782,false
0,0.9209617868026289,0.08840714883585271,0.04453395570509755,0.022739077485639168,false
0,0.9202835735131702,0.08957302467913657,0.044045767981661745,0.02248233141655678,false
0,0.9198953956332709,0.0907505400318803,0.04354407744332162,0.022226428597094654,false
0,0.9197712061560732,0.0919369889836368,0.04303185192882442,0.021971269890763416,false
0,0.9197785756393395,0.09223243273192173,0.04290344437343114,0.021908076784488705,true
0,0.9199526637916801,0.09342884490882104,0.042380600249392456,0.021653339706221127,true
0,0.920344705232154,0.09463140125791353,0.04185133555404636,0.021398848176161927,true
0,0.9209388678117053,0.09583910238628993,0.04131700132790452,0.02114447138592689,true
0,0.9217216694121022,0.09705113038224221,0.040778698025817316,0.020890105189008825,true
0,0.9226816330465363,0.09826679872977855,0.04023732978267314,0.020635670436699637,true
0,0.9238089821285607,0.09948551555236144,0.03969364671019331,0.02038111080571372,true
0,0.9250953773956372,0.10070675657670054,0.039148277852652624,0.020126390489493756,true
0,0.9265336927491375,0.10193004516421128,0.03860175691798599,0.019871491955605478,true
0,0.928117825558598,0.10315493748912928,0.03805454243549035,0.019616413870495463,true
0,0.9298425366317543,0.10438101147508258,0.03750703362286067,0.019361169230530346,true
0,0.9317033152254425,0.10560785849999334,0.036959582922141423,0.019105783709988416,true
0,0.9336962650053066,0.10683507715136378,0.03641250595613831,0.01885029421242373,true
0,0.935818007427189,0.10806226852015142,0.035866089460444416,0.01859474760832315,true
0,0.9380655995576103,0.10928903266140924,0.03532059762726208,0.018339199634114386,true
0,0.9404364638709755,0.11051496595413625,0.03477627718518758,0.018083713930678626,true
0,0.9429283279910332,0.11173965916595748,0.034233361467939025,0.017828361198868894,true
0,0.945539172683804,0.1129626960831192,0.03369207366743792,0.01757321845066587,true
0,0.948267186792904,0.11418365259860605,0.033152629422960954,0.017318368338996738,true
0,0.9511107279589093,0.11540209618798934,0.03261523886157219,0.017063898549232445,true
0,0.954068288263505,0.11661758571332696,0.03208010818567614,0.016809901238704007,true
0,0.9571384640598194,0.1178296715160095,0.0315474408768124,0.01655647251299981,true
0,0.9603199294082365,0.1190378957644749,0.031017438580041586,0.016303711927729014,true
0,0.963611412645532,0.12024179303505406,0.03049030170942801,0.016051722008886465,true
0,0.9670116757216322,0.12144089110182854,0.029966229819784043,0.015800607784081586,true
0,0.9705194959946828,0.1226347119206062,0.02944542177317491,0.015550476319784514,true
0,0.9741336502578622,0.1238227727880113,0.028928075729868823,0.015301436260842042,true
0,0.9778529007945657,0.1250045876620933,0.028414388986494267,0.015053597369125052,true
0,0.9816759833681221,0.12617966863616678,0.027904557679403648,0.014807070057996294,true
0,0.985601600173522,0.1273475272167677,0.027398776391615337,0.014561965040456225,true
0,0.9896282993257894,0.12850764570737538,0.02689725089271739,0.014318399170646165,true
0,0.9929794106197797,0.12944585904818756,0.026492314757007834,0.014121364162885303,true
0,0.9952649819641132,0.13007231297057686,0.026222262846904012,0.013989774988339282,true
0,0.9968152165539017,0.13049125548121318,0.02604181142002271,0.013901762938567907,true
0,0.9978629296523067,0.1307717353821579,0.02592106567534337,0.01384283434691085,true
0,0.9985693548582252,0.13095966051035057,0.025840193903834862,0.013803349258994766,true
0,0.9990449259507772,0.13108563972205323,0.025785993181198997,0.013776878711570843,true
0,0.9993647541828369,0.1311701229316621,0.025749651453581927,0.013759126808975668,true
0,0.9995796953919635,0.13122679234913173,0.025725276922517488,0.013747219045042832,true
0,0.9997240807777196,0.13126481122703904,0.02570892552593273,0.013739230173963984,true
0,0.9998210409632561,0.13129032052628026,0.025697954868886822,0.01373386989051717,true
0,0.999886139976283,0.13130743764274352,0.025690593639946104,0.013730273043935615,true
0,0.9999298585173172,0.13131892281063204,0.02568565221079563,0.013727860539026769,true
0,0.9999589942101239,0.13132658011012377,0.02568236030344754,0.013726251114213798,true
0,0.9999784180053284,0.1313316849764516,0.02568016569854881,0.013725178164338483,true
0,0.9999913672021313,0.13133508822067014,0.025678702628616327,0.013724462864421607,true
0,1.0,0.13133735705014918,0.025677727248661335,0.013723985997810354,true
0,1.0,0.13133735705014918,0.025677727248661335,0.013723985997810354,true
0,1.0000086401462185,0.13133962526663706,0.025676751585046776,0.013723509479688735,true
0,1.0000216003655462,0.13134302759136887,0.025675288089624944,0.01372279470250631,true
0,1.0000410406945377,0.13134813107846657,0.0256730928464922,0.013721722536732676,true
0,1.000070201188025,0.13135578630911313,0.02566979998179308,0.013720114288072223,true
0,1.0001139268981039,0.13136726994295184,0.025664864253015986,0.013717700280204954,true
0,1.0001791242142595,0.13138437748200008,0.025657508023011647,0.0137141053842023,true
0,1.000276311992375,0.13140986460748108,0.02564654893956679,0.013708749616762848,true
0,1.0004212166000832,0.13144783289893636,0.025630223946599626,0.013700771048345176,true
0,1.0006373313367458,0.13150438798269654,0.025605909092061428,0.013688886570115442,true
0,1.0009597959704815,0.13158861433482574,0.02556970143132975,0.013671186980200445,true
0,1.0014412665229302,0.13171401877922437,0.02551580070886057,0.013644833492130302,true
0,1.002160858436476,0.1319006611187259,0.025435598490218266,0.01360560966104463,true
0,1.0032379064230128,0.13217828304624882,0.02531634447003921,0.013547263128774332,true
0,1.0048534207780169,0.13259086576348678,0.025139212560694114,0.013460546301899705,true
0,1.0072841403484483,0.1332031794926459,0.024876541233351396,0.013331836779129715,true
0,1.0109577763212163,0.13410997617474368,0.024488003541509564,0.013141199226548678,true
0,1.0155546097932202,0.13521457136426238,0.024015459748536524,0.012908938053776084,true
0,1.020241750644555,0.13630829759083565,0.023548373509968856,0.012678923672021981,true
0,1.0250172373562194,0.13739071670392142,0.023086909954719338,0.01245125400520852,true
0,1.0298791649707346,0.13846143686040313,0.022631213934336376,0.012226016833054907,true
0,1.0348255744103554,0.13952008516484082,0.022181421691975872,0.01200329557993582,true
0,1.0398544543649695,0.14056630933796932,0.021737660313084127,0.011783168920106378,true
0,1.044963746581514,0.1415997789581133,0.02130004725250521,0.011565710518973156,true
0,1.0501513516599728,0.14262018652862118,0.02086868993682207,0.011350988814151725,true
0,1.055415135280727,0.14362724836640484,0.020443685441128175,0.011139066838056152,true
0,1.060752934750366,0.1446207053086972,0.020025120243686197,0.01093000208136035,true
0,1.0661625657509033,0.14560032323265187,0.019613070061407962,0.010723846397759522,true
0,1.0716418291946799,0.14656589338771708,0.019207599762162814,0.010520645951096473,true
0,1.0771885180676573,0.14751723254666457,0.018808763357413317,0.010320441200851828,true
0,1.082800424190834,0.14845418297625726,0.018416604067437205,0.010123266928080101,true
0,1.0884753447959437,0.14937661224075197,0.018031154458977638,0.009929152296475128,true
0,1.0942110888547218,0.1502844128464813,0.017652436647724163,0.00973812094792791,true
0,1.1000054830922024,0.15117750173939196,0.017280462562312793,0.009550191128988559,true
0,1.10585637763559,0.15205581967109422,0.01691523426097228,0.009365375845433148,true
0,1.111761651250905,0.15291933044705236,0.01655674429734944,0.009183683040830318,true
0,1.1177192161469913,0.15376802007172014,0.01620497612527874,0.009005115797180987,true
0,1.1237270223127933,0.15460189580792666,0.015859904538925038,0.008829672552297626,true
0,1.1297830613862696,0.1554209851650933,0.015521496138706311,0.008657347331928423,true
0,1.1358853700479081,0.15622533482989492,0.015189709818477505,0.008488129993104453,true
0,1.1420320329411389,0.15701500955714717,0.014864497266527254,0.008322006474817262,true
0,1.1482211851328938,0.1577900910316702,0.014545803475014482,0.008158959053975116,true
0,1.1544510141315807,0.15855067671465484,0.014233567252497003,0.007998966603598053,true
0,1.1607197614785603,0.1592968786868205,0.013927721734718969,0.007842004850513569,true
0,1.1670257239415405,0.160028822497721,0.013628194889030583,0.007688046630845821,true
0,1.1733672543348765,0.16074664603101316,0.013334910008969815,0.007537062141019485,true
0,1.1797427619954954,0.16145049839281742,0.013047786195810686,0.007389019182905653,true
0,1.1861507129429485,0.16214053883166438,0.012766738824078885,0.007243883401190765,true
0,1.1925896297570084,0.1628169356928826,0.012491679989233216,0.007101618512676166,true
0,1.1990580911967212,0.16347986541532086,0.0122225189353487,0.006962186525532983,true
0,1.2055547315965487,0.16412951157078381,0.01195916246162243,0.0068255479489184295,true
0,1.212078240061964,0.1647660639514661,0.011701515307305068,0.006691661991287254,true
0,1.2186273594958335,0.16538971770505556,0.011449480513430754,0.006560486748250977,true
0,1.225200885477387,0.16600067252022718,0.011202959762330645,0.006431979378742917,true
0,1.2317976650202573,0.1665991318618529,0.010961853693802323,0.0063060962702862385,true
0,1.2384165952285955,0.16718530225669634,0.01072606219890941,0.006182793192843477,true
0,1.2450566218742354,0.16775939262797623,0.0104954846917949,0.006062025441813518,true
0,1.2517167379106005,0.16832161367885892,0.010270020359527756,0.005943747970271841,true
0,1.258395981941503,0.16887217732281148,0.010049568391522257,0.005827915510741028,true
0,1.2650934366587603,0.1694112961594882,0.009834028188761437,0.005714482687002874,true
0,1.2718082272618312,0.16993918299441432,0.009623299553822719,0.005603404116314618,true
0,1.278539519871002,0.17045605040043943,0.009417282862924948,0.005494634502409551,true
0,1.2852865199441479,0.17096211031907493,0.009215879220575714,0.005388128719846111,true
0,1.2920484707057296,0.17145757369925615,0.009018990598158078,0.005283841890184261,true
0,1.298824651595562,0.1719426501716526,0.008826519957427205,0.005181729450389064,true
0,1.3,0.17202564763202344,0.008793616977051022,0.0051642566083013,true
1,1.3,0.07672724862411469,0.01802079539788923,0.037318435008202366,false
1,1.294250723597578,0.07682916783807221,0.018270374007980796,0.037184185549010686,false
1,1.2879564002730026,0.07694468672342276,0.018547648690388906,0.03703416634790863,false
1,1.2817006185701623,0.07706367142783363,0.01882751823451444,0.036881835147736824,false
1,1.2754859192952899,0.07718607563190762,0.019109928722725322,0.03672723032254753,false
1,1.2693150828600108,0.0773118118264096,0.019394833460136,0.036570403192686854,false
1,1.2631911752187686,0.07744074375187877,0.01968219594698958,0.036411419769913,false
1,1.2571175859867916,0.07757267694915267,0.019971993240530304,0.036250363072973225,false
1,1.2510980709406785,0.07770734816675047,0.020264219646944085,0.03608733575217182,false
1,1.245136798678901,0.07784441371116649,0.02055889064777785,0.035922463026544546,false
1,1.2392384007545263,0.07798343695046273,0.020856046903559147,0.03575589591344061,false
1,1.2334080239004066,0.07812387535520353,0.021155758100422407,0.03558781469353586,false
1,1.2276513819899773,0.07826506769030114,0.02145812631603499,0.0354184325010653,false
1,1.2219748040730913,0.07840622225630298,0.02176328848650307,0.035247998856676184,false
1,1.2163852732023817,0.07854640740509335,0.022071417470770766,0.03507680286853661,false
1,1.2108904489242778,0.07868454588703283,0.02238272115650675,0.03490517572099533,false
1,1.2054986645115746,0.0788194148580237,0.02269743906329224,0.034733491962295256,false
1,1.2002188887391965,0.07894965348523748,0.023015836011022313,0.034562169018195484,false
1,1.1950606419588057,0.079073779911779,0.0233381926640186,0.0343916643338738,false
1,1.1900338582526133,0.07919021874662784,0.02366479314253952,0.03422246962731139,false
1,1.1851486902557857,0.07929733916329254,0.023995910380390492,0.03405510196398412,false
1,1.1804152609868803,0.07939350216705561,0.02433179041425364,0.03389009174944975,false
1,1.175843376855848,0.07947711385259205,0.02467263718571273,0.03372796824736186,false
1,1.1714422258513186,0.07954667992230495,0.025018599579525295,0.033569243766656785,false
1,1.1672200918267823,0.07960085584966253,0.025369762218524376,0.03341439807633172,false
1,1.163184117089042,0.07963848722582796,0.025726140995578232,0.03326386475330164,false
1,1.1593401399134906,0.07965863610638411,0.026087683572045727,0.033118020968222174,false
1,1.1556926222383845,0.07966059129290787,0.026454274311059706,0.032977181697845595,false
1,1.1522446687144177,0.07964386288068703,0.026825742538322404,0.032841598659446115,false
1,1.1489981253342898,0.07960816346752489,0.02720187274805434,0.032711463582027665,false
1,1.1459537370524286,0.0795533797188351,0.0275824154020083,0.03258691492252588,false
1,1.1431113403610842,0.07947953839042445,0.027967097222060068,0.03246804688440159,false
1,1.1404700681589313,0.07938677056307152,0.028355630232919093,0.03235491959266993,false
1,1.138028548778361,0.07927527703080745,0.028747719165319343,0.03224756945389257,false
1,1.1357850868477355,0.07914529680957341,0.02914306711515432,0.032146018992378914,false
1,1.1337378192637668,0.07899707982211811,0.02954137954568172,0.032050285727613516,false
1,1.1318848440736249,0.0788308640935428,0.029942366823257096,0.03196038989324291,false
1,1.1302243232220652,0.07864685729671901,0.030345745512111447,0.031876360973119806,false
1,1.1287545619928563,0.07844522219847509,0.03075123864365837,0.03179824314348448,false
1,1.1274740688352614,0.0782260654308562,0.0311585751406324,0.03172609977194536,false
1,1.1263815994255,0.07798942899748909,0.031567488530192145,0.03166001714692616,false
1,1.1254761885419593,0.07773528398082005,0.03197771503170906,0.03160010760845342,false
1,1.124757172834117,0.07746352601063794,0.03238899105893332,0.03154651223264423,false
1,1.1242242069997759,0.07717397218575588,0.03280105010938671,0.031499403197672776,false
1,1.1238772836365993,0.07686638255116575,0.03321358602281759,0.03145898964061447,false
1,1.1237324681014154,0.0766025093209506,0.03354948574505675,0.031431203239699446,false
1,1.1237045751965034,0.07641851601525056,0.03377487493421438,0.03141520315856141,false
1,1.1237051147136057,0.07639399325929615,0.03380439268510636,0.03141327035150005,false
1,1.1237141027323359,0.07630894294801016,0.033905885050401215,0.03140690407609818,false
1,1.1237264964297067,0.07625121586122668,0.03397398798589558,0.03140288281843934,false
1,1.1237376822176288,0.07621218069743461,0.03401968765863617,0.0314002981015397,false
1,1.1237464818917688,0.07618585078404919,0.034050354943878806,0.03139861506345046,false
1,1.1237533114651688,0.07616812916464007,0.034070904067133076,0.031397517379501395,false
1,1.1237545049013093,0.07616522215548324,0.034074269273025405,0.031397339466534335,false
1,1.1237571675308156,0.0761572561097355,0.03408351746188103,0.03139684178889925,false
1,1.1237589545060986,0.0761519098432641,0.034089724215340116,0.031396507781621584,false
1,1.1237605449563002,0.07614834627009423,0.03409383240963471,0.03139629621031784,false
1,1.1237616052564345,0.07614597055464765,0.03409657120583111,0.031396155162782005,false
1,1.1237623121231908,0.07614438674434994,0.03409839706996204,0.03139606113109145,false
1,1.1237628901731975,0.0761430915617074,0.034099890195454036,0.031395984235383916,false
1,1.1237646354931978,0.07614188653113035,0.03410239396491132,0.03139548670144413,false
1,1.1237546354931978,0.07616897969061101,0.034069823022966725,0.03139760629815997,false
1,1.1237531683253867,0.0761683127041497,0.03407069635986183,0.031397526792266574,false
1,1.1237506643700306,0.07616717438488889,0.03407218684923105,0.0313973911027042,false
1,1.1237469084369964,0.07616546690599768,0.03407442258328488,0.03139718756836065,false
1,1.1237551351720616,0.07616321380393787,0.03407660351022356,0.03139721298617201,false
1,1.1237561298488516,0.07615959035699663,0.034080822842007114,0.03139698176277395,false
1,1.1237575902519388,0.07615427034435314,0.03408701774393325,0.03139664227625156,false
1,1.123761560464455,0.0761463239294158,0.03409615705285664,0.031396178731081324,false
1,1.1237665285240057,0.07613443740778973,0.0341098757334782,0.03139546708354561,false
1,1.1237743172761456,0.07611668622181385,0.0341303161150825,0.03139442226241348,false
1,1.1237867805706143,0.07609014743859263,0.03416077117119022,0.0313929000507339,false
1,1.123807256791214,0.07605040607114308,0.0342061457529968,0.031390709025406055,false
1,1.123842001070704,0.07599074989210151,0.03427374433032266,0.031387616480849874,false
1,1.1239031836334146,0.07590087786761385,0.03437444075670018,0.031383393809289624,false
1,1.1240152876658438,0.07576476678342642,0.034524410686909444,0.031377967860526525,false
1,1.1242289707075814,0.07555701217156836,0.03474768185171691,0.031371841612980816,false
1,1.1246514951931479,0.07523625011627785,0.03507983757986628,0.03136718759204637,false
1,1.125348042796798,0.07482051818536745,0.03548944364879726,0.03136914643189343,false
1,1.1262388870233475,0.07438307714247186,0.03589726259421102,0.03138007245901349,false
1,1.1273265181869028,0.07392319218041772,0.03630271527645806,0.03140046844435304,false
1,1.1286136957305783,0.0734400614047394,0.03670518949691384,0.03143087548680207,false
1,1.1301033935602347,0.07293288488595415,0.03710397941902726,0.0314718698461639,false
1,1.1317987271748033,0.07240089637567235,0.03749826977533738,0.031524056886488995,false
1,1.1337028550709891,0.07184340256512363,0.03788711997476584,0.0315880621757603,false
1,1.13581884987811,0.07125983033784665,0.03826944912314612,0.03166451918047775,false
1,1.1381495363040393,0.07064978159155948,0.03864402355652823,0.031754053103685974,false
1,1.1406972957532946,0.07001309404935584,0.039009448992685596,0.031857260662177665,false
1,1.1434638418709344,0.06934990495015358,0.0393641698310665,0.031974686020350473,false
1,1.1464499772167558,0.06866071273676275,0.039706478318678066,0.03210679370335125,false
1,1.1496553481820866,0.0679464301547689,0.040034536056420815,0.03225394005704366,false
1,1.1530782218060494,0.06720842102403296,0.040346409470773704,0.032416345588432954,false
1,1.1567153123590221,0.06644851293170141,0.04064011934555827,0.03259407111238317,false
1,1.1605616852842326,0.06566897970920708,0.04091370242218289,0.03278700081451948,false
1,1.1646107598443458,0.06487249092108786,0.041165280808914094,0.03299483492445726,false
1,1.1688544197556838,0.06406203025920197,0.04139313306176417,0.03321709363111256,false
1,1.1732832254604644,0.06324078967438841,0.041595759899699374,0.03345313232982326,false
1,1.1778867063617127,0.06241204998467856,0.04177193795572004,0.033702166629323155,false
1,1.1826537004150284,0.061579060497576506,0.04192075669301525,0.03396330419612541,false
1,1.1875727045759163,0.06074492946910928,0.04204163617089429,0.03423557980615089,false
1,1.1926322029614518,0.05991253439749875,0.042134326044988187,0.03451799001678398,false
1,1.1978209482101783,0.0590844571877031,0.04219888839875398,0.034809524537407446,false
1,1.2031281823454067,0.05826294522589408,0.0422356683559371,0.03510919238506547,false
1,1.2085437936173435,0.05744989620571069,0.04224525686067645,0.03541604196625663,false
1,1.2140584135220007,0.05664686254118995,0.04222844971638718,0.03572917510651622,false
1,1.219663462880007,0.055855070368157456,0.04218620623409855,0.03604775565224515,false
1,1.2253511578124712,0.05507544821161538,0.04211960993117665,0.03637101358962258,false
1,1.231114486416702,0.05430866103612058,0.0420298328425076,0.036698245718459685,false
1,1.2369471657265003,0.05355514628967985,0.041918104269943766,0.03702881385998105,false
1,1.2428435867976115,0.052815149477021955,0.041785684241436645,0.03736214143662517,false
1,1.2487987539332943,0.05208875762472757,0.04163384157227044,0.037697709091436764,false
1,1.254808222408667,0.05137592967100412,0.04146383618788235,0.038035049847756845,false
1,1.260868037674762,0.05067652331715292,0.041276905245075754,0.038373744164185486,false
1,1.2669746779448825,0.04999031823244357,0.04107425254256998,0.03871341512175521,false
1,1.2731250012611741,0.049317035736516135,0.04085704071558356,0.03905372388990982,false
1,1.2793161975633582,0.04865635522264273,0.04062638574213211,0.039394365551952956,false
1,1.285545745885891,0.0480079276572002,0.04038335333681353,0.039735065324596815,false
1,1.2918113642885587,0.04737138116437997,0.04012896166073435,0.04007557538533257,false
1,1.2981110274384104,0.04674635170622978,0.03986416082926024,0.04041567098410367,false
1,1.3,0.04656174546751028,0.03978313871780253,0.04051719651147645,false
2,1.3,0.046561745564956604,0.03978313865115217,0.0405171964997279,false
2,1.2976081442481462,0.04679571364753662,0.03988560820887189,0.04038860715373134,false
2,1.2913111205909489,0.04742164596981788,0.04014961444778575,0.040048470861306265,false
2,1.2850482979272142,0.04805912541181832,0.04040313698813173,0.03970793715696389,false
2,1.2788217175417718,0.04870851549275071,0.040645221538234126,0.039367232589522724,false
2,1.2726336802597566,0.04937018708811754,0.040874845686458786,0.03902660699288773,false
2,1.2664867286192223,0.05004448740003762,0.04109093962099791,0.038686337420908795,false
2,1.260383697475558,0.05073173422739632,0.04129238349367513,0.038346731347221684,false
2,1.2543277572105629,0.05143220224665942,0.04147801116217789,0.03800813047755204,false
2,1.2483224620709419,0.05214610634074695,0.04164661585161734,0.03767091495466135,false
2,1.2423718034839772,0.05287358164441643,0.041796958163786965,0.03733550791825802,false
2,1.2364802677897984,0.053614660051137436,0.041927776909762425,0.03700238033475124,false
2,1.230652897237273,0.05436924307205171,0.0420378032727531,0.03667205594400651,false
2,1.2248953522656036,0.05513707117868537,0.042125778808732375,0.03634511607780886,false
2,1.2192139719920578,0.05591769012671755,0.04219047774149766,0.036022203984433364,false
2,1.2136158284247345,0.056710415275231164,0.04223073387863883,0.035704028145953005,false
2,1.2081087682439544,0.05751429559945392,0.04224547223162878,0.03539136390694091,false
2,1.2027014341653197,0.058328079932403784,0.0422337450311677,0.035085052563603766,false
2,1.1974032561760284,0.059150188899539054,0.04219477125987799,0.034785996925836615,false
2,1.1922244017855734,0.05997869689326852,0.04212797807451866,0.034495152315181035,false
2,1.1871756745254032,0.06081132904100311,0.04203304160345423,0.03421351207007788,false
2,1.1822683520794723,0.0616454781363358,0.041909923700242206,0.033942086971187696,false
2,1.1775139603523326,0.06247824558390693,0.0417589005184259,0.03368187862571543,false
2,1.1729239877352098,0.06330650830287429,0.04158057852534659,0.033433847749522544,false
2,1.1685095541350505,0.06412701025256551,0.04137589407839027,0.03319887934598747,false
2,1.164281060092081,0.06493647321361656,0.04114609411416453,0.0329777477732345,false
2,1.1602478496244366,0.06573171754524804,0.0408926977703175,0.03277108531575402,false
2,1.1564179232699283,0.06650978095175944,0.04061744147351349,0.032579357861935755,false
2,1.1527977332976393,0.06726802277191192,0.040322212540433965,0.032402850522811055,false
2,1.1493920816563554,0.06800420329677935,0.040008977975999664,0.032241664637532086,false
2,1.1462041257189661,0.068716531656702,0.039679715481031934,0.03209572594304827,false
2,1.1432354814059216,0.06940368078178102,0.03933635268609387,0.031964802170425084,false
2,1.1404864016152707,0.07006477253372555,0.03898071869640731,0.031848527316206535,false
2,1.1379560021391975,0.07069933934089734,0.03861450976012499,0.031746429473485945,false
2,1.1356425073968799,0.07130727014136629,0.03823926881981267,0.031657959332133674,false
2,1.1335434927914008,0.07188874831446056,0.03785637722959538,0.03158251707216226,false
2,1.1316561071375402,0.07244418806471414,0.03746705612379067,0.031519476144881674,false
2,1.129977265476902,0.07297417399592492,0.03707237472133254,0.03146820317352403,false
2,1.12850380843743,0.0734794068519272,0.036673263063228094,0.0314280737963178,false
2,1.12723262855449,0.07396065689744635,0.036270527116656875,0.03139848468199276,false
2,1.126160766631395,0.07441872528909654,0.0358648646864831,0.03137886218233283,false
2,1.1252854827473433,0.07485441293804125,0.035456881157895984,0.03136866818701348,false
2,1.1246043052225694,0.0752684531264032,0.035047148985691834,0.031367403070484655,false
2,1.124191768750085,0.07558997766654228,0.03471269536470532,0.03137264500776953,false
2,1.1239856687663563,0.07579816407940058,0.03448789004846745,0.03137919321993235,false
2,1.1238790496532316,0.0759345297462296,0.03433689442395284,0.031384914284518964,false
2,1.123821726390408,0.07602455696724973,0.03423551148021725,0.031389340276597004,false
2,1.1237896524783815,0.07608431030086005,0.034167453026146995,0.03139257161358158,false
2,1.1237710045707447,0.07612411373105164,0.03412177020798422,0.031394856830431375,false
2,1.1237597846086518,0.07615069279445515,0.0340911084228552,0.031396442727123296,false
2,1.1237530479377633,0.07616847417415774,0.03407051142244995,0.03139753591696117,false
2,1.1237515902188513,0.07617256087361883,0.03406576999960738,0.03139779007379792,false
2,1.1237483979909009,0.07618048467225642,0.034056589539653445,0.031398277976534474,false
2,1.123746255604428,0.0761858025377969,0.034050428296306966,0.03139860542063906,false
2,1.1237451237887472,0.0761893449145152,0.0340463011309361,0.031398832329293414,false
2,1.12374436924496,0.07619170649899408,0.034043549687355526,0.03139898360172965,false
2,1.1237438662157686,0.07619328088864666,0.03404171539163514,0.03139908445002047,false
2,1.1237434306611476,0.07619464409519658,0.0340401271419052,0.03139917177087549,false
2,1.1237446354931977,0.07619607285009167,0.03403725208102213,0.03139972589487581,false
2,1.1237546354931978,0.07616897969061101,0.034069823022966725,0.03139760629815997,false
2,1.1237523973515462,0.07616963022699828,0.034069184936059184,0.031397602165849144,false
2,1.1237520942917734,0.07616971831409917,0.03406909853470344,0.03139760160630585,false
2,1.1237471606106364,0.07617115233161716,0.034067691960277466,0.03139759249726204,false
2,1.123749731816953,0.07617285159618524,0.03406553432336623,0.03139776931566175,false
2,1.1237554035717452,0.07617660016975486,0.03406077459535928,0.03139815936521905,false
2,1.1237477972637204,0.07618181273863281,0.03405505401781372,0.031398358541178686,false
2,1.1237451271551626,0.07618975376873176,0.03404581623699127,0.03139886178455466,false
2,1.1237411176644942,0.07620153976863285,0.03403209672319307,0.03139961209483631,false
2,1.1237355480364293,0.07621906248700692,0.034011651324064814,0.03140074598353256,false
2,1.1237281050144814,0.0762450844018324,0.03398118492115663,0.03140246969344892,false
2,1.1237189141929533,0.07628366384648518,0.03393578482182332,0.0314051136916398,false
2,1.123709434272139,0.07634071875353333,0.03386812906710483,0.03140922035506338,false
2,1.1237046162229765,0.07641858726091472,0.03377478391968966,0.031415210783972504,false
2,1.1237170068485591,0.07654187081733686,0.033624532350085085,0.031425637496093006,false
2,1.1237814064476186,0.0767209673549478,0.03340061700891278,0.03144294172318812,false
2,1.1239792039852246,0.07697774058642902,0.0330669924493472,0.031472566093158,false
2,1.1243922282746899,0.07727887990370673,0.03265460630564983,0.0315153822314938,false
2,1.1249912634088772,0.07756208632491277,0.032242794574421155,0.031564817094293,false
2,1.1257764338813196,0.07782757101232626,0.03183186106356741,0.03162067343974562,false
2,1.126748199462928,0.07807548868334631,0.03142207086784806,0.03168279039014013,false
2,1.1279073328803506,0.07830591648274117,0.03101368732010253,0.031751037361896314,false
2,1.129254901517033,0.0785188575336043,0.030606974901177027,0.031825311596555786,false
2,1.1307922417259904,0.0787142460510035,0.030202201531565723,0.031905535333625126,false
2,1.1325209230073805,0.07889195436074074,0.029799640268345393,0.03199165248578138,false
2,1.134442698777418,0.07905180229939693,0.0293995703518036,0.032083624656205505,false
2,1.1365594400185899,0.0791935695555079,0.029002277498941017,0.032181426323926135,false
2,1.1388730479556524,0.07931701154675701,0.028608053292715475,0.03228503902810434,false
2,1.1413853422765918,0.07942187937925167,0.028217193472364736,0.03239444441734178,false
2,1.1440979226030505,0.0795079442566836,0.027829994901948058,0.03250961610869167,false
2,1.147012003218812,0.07957502634976434,0.027446750997723982,0.03263051043578808,false
2,1.1501282247122744,0.0796230275607964,0.027067745451584448,0.032757056363062496,false
2,1.1534464511545237,0.07965196682134414,0.026693244220657674,0.03288914509579665,false
2,1.1569655672409485,0.07966201560766364,0.026323485978684988,0.033026620192829245,false
2,1.1606832953794304,0.07965353041016782,0.025958671539115165,0.033169269230097984,false
2,1.1645960563361797,0.07962707820978146,0.025598953124354933,0.033316818184587815,false
2,1.1686988968618417,0.07958345090590922,0.025244424688531927,0.03346892962265808,false
2,1.1729855023500064,0.07952366536041475,0.024895114687686296,0.03362520543171705,false
2,1.1774483020530293,0.07944894732469406,0.024550982619072265,0.03378519425162332,false
2,1.1820786606122764,0.07936069976152384,0.024211920263171243,0.033948403055546444,false
2,1.186867136109838,0.07926045844385585,0.02387775790194236,0.034114311679069746,false
2,1.1918037752654567,0.07914983958636988,0.02354827500478114,0.03428238868098912,false
2,1.1968784132641737,0.07903048515839027,0.023223214177018853,0.03445210684478984,false
2,1.2020809492287932,0.07890401128340715,0.0229022967368007,0.03462295688584457,false
2,1.2074015766537942,0.07877196395533467,0.022585238210924858,0.03479445840534017,false
2,1.2128309582554924,0.07863578462985583,0.02227176228706336,0.03496616767423553,false
2,1.2183603439606074,0.07849678654938988,0.02196161221153993,0.03513768230543001,false
2,1.2239816374981864,0.07835614127724438,0.021654559134842533,0.03530864320325838,false
2,1.229687420822686,0.07821487400955904,0.02135040736347074,0.035478734350733135,false
2,1.2354709467890677,0.07807386579985709,0.021048996809930255,0.03564768103311824,false
2,1.2413261099250144,0.07793386077052768,0.020750203126444176,0.03581524704563892,false
2,1.247247403614931,0.07779547656664512,0.020453936080382738,0.03598123133664153,false
2,1.253229870154941,0.07765921661026115,0.020160136714333615,0.03614546442807331,false
2,1.2592690483535935,0.07752548304922352,0.01986877376639252,0.036307804852989366,false
2,1.26536092183726,0.0773945896090602,0.019579839735539825,0.03646813576468877,false
2,1.2715018700341092,0.07726677382247711,0.01929334688291471,0.036626361806695006,false
2,1.277688622940817,0.07714220832026633,0.019009323374197386,0.03678240628578409,false
2,1.2839182201716146,0.07702101102259817,0.018727809696690946,0.036936208658498774,false
2,1.290187974390806,0.07690325417866199,0.018448855428442722,0.03708772232154117,false
2,1.2964954274518379,0.07678897156008582,0.018172516395215638,0.03723691295694403,false
2,1.3,0.07672724861633085,0.018020795393722852,0.03731843501276223,false
